id,Full Nmae,product,Total _Sales,Total _Price,Currency,Company,Revenue
1,Trip Ebbers,Cheese - Cheddarsliced,82,4671,Franc,Tagtune,47655
2,Harriett Huff,Kiwano,89,2673,Dollar,Plajo,16964
3,Kimball Bafford,Lettuce - Romaine,57,1817,Sol,Zazio,46765
4,Cody Emney,Extract - Raspberry,95,4853,Real,Wordware,24645
5,Niko Eddoes,"Liqueur Banana, Ramazzotti",77,2593,Rupiah,Rhynoodle,46451
6,Eugenio Standley,Ecolab - Balanced Fusion,76,3104,Yuan Renminbi,Brainbox,46987
7,Benjy Semorad,"Butter - Salted, Micro",11,1730,Peso,Wikizz,17862
8,Torrin Balcers,Chocolate - Sugar Free Semi Choc,43,2067,Real,Topicshots,18659
9,Stacia Curedell,Squid U5 - Thailand,65,2872,Krona,Zoomdog,48473
10,Merry Cuphus,Mints - Striped Red,37,2080,Koruna,Tekfly,16307
11,Hank Feare,Cheese - Swiss Sliced,85,3088,Peso,Tagfeed,30417
12,Jewel Wiskar,Kiwano,9,3245,Yuan Renminbi,Browseblab,41307
13,Thane Kalaher,Peppercorns - Green,34,2775,Euro,Omba,32716
14,Corenda Hinsche,Wine - Cousino Macul Antiguas,20,3491,Euro,Brightbean,25767
15,Hendrika Gaddesby,Saskatoon Berries - Frozen,9,3803,Peso,Wikido,33887
16,Roi Rodolphe,"Soup - Campbells, Lentil",19,4072,Hryvnia,Skinix,19033
17,Blythe Banishevitz,Apricots - Dried,2,3671,Peso,Devbug,33452
18,Zaccaria Gress,Cheese - Cottage Cheese,86,1750,Rupiah,Demivee,42606
19,Erika Beckhouse,Wine - Malbec Trapiche Reserve,23,4605,Yuan Renminbi,Geba,24778
20,Maybelle Oakenfield,Croissants Thaw And Serve,41,3103,Rupiah,Rhynyx,36624
21,Filmore Berthe,Godiva White Chocolate,26,2602,Guarani,Avavee,41200
22,Earl McLae,Cups 10oz Trans,45,3180,Real,Oloo,17841
23,Cornall Arsey,Cookie Dough - Peanut Butter,69,2252,Yuan Renminbi,Reallinks,43119
24,Edgar McBayne,"Pasta - Rotini, Dry",27,4491,Rupiah,Dabvine,31206
25,Wit Shitliffe,Bagel - Sesame Seed Presliced,39,2958,Rupiah,Yata,23875
26,Fawnia Petrozzi,Sauce - Vodka Blush,72,4549,Koruna,Gevee,36807
27,Silvano Master,Pectin,33,2344,Euro,Flashpoint,31300
28,Salmon Amesbury,Langers - Cranberry Cocktail,80,3406,Ruble,Katz,34379
29,Nanette Vizard,Praline Paste,38,2181,Yuan Renminbi,Feednation,44215
30,Tessie Colquyte,Vanilla Beans,72,2048,Euro,Dynabox,44368
31,Thea Hobben,"Chicken - Base, Ultimate",27,4368,Rupiah,Bluejam,18341
32,Jennifer Mewe,Cleaner - Bleach,6,1871,Guilder,Eadel,32119
33,Richie Fetherstone,Bread - Corn Muffaleta Onion,76,1785,Peso,Vinder,30121
34,Ethel Wintour,"Pasta - Fettuccine, Dry",40,4209,Peso,Tagchat,19829
35,Britte Kitteridge,Ice Cream - Fudge Bars,55,4988,Sol,Agivu,37929
36,Alfie Dallaghan,Bread Bowl Plain,94,4437,Peso,Feedfire,43935
37,Herbert Paulus,Pastry - Choclate Baked,68,4865,Peso,Jayo,42371
38,Renard Thiese,"Pasta - Tortellini, Fresh",94,3869,Peso,Buzzdog,16745
39,Barclay Walters,Towel - Roll White,3,1550,Sol,Skinix,26584
40,Galvin Tuther,Bread - Wheat Baguette,28,4829,Euro,Flashpoint,18815
41,Hortense Bax,Couscous,39,3400,Rupee,Buzzdog,21596
42,Darla Ferrarone,Blueberries,95,1782,Yuan Renminbi,Ozu,21595
43,Breena Corington,Carbonated Water - Blackberry,81,2976,Rupiah,Chatterpoint,45653
44,Etheline Elleton,"Chicken - Diced, Cooked",17,1713,Rand,Innojam,35712
45,Leon Pyburn,Lid - 3oz Med Rec,26,4062,Hryvnia,Dabshots,22680
46,Ronny Rance,Cookie Chocolate Chip With,71,4350,Euro,Agimba,23378
47,Pamela Frere,Chocolate - Dark,98,3162,Ruble,Rhyloo,35689
48,Chucho Strugnell,Kahlua,31,3105,Yuan Renminbi,Chatterpoint,42961
49,Claudette Bartell,"Beets - Candy Cane, Organic",14,4664,Yuan Renminbi,Brainlounge,39111
50,Averill McCulley,Ecolab Silver Fusion,83,4910,Yuan Renminbi,Youfeed,16324
51,Liliane Grumley,Sprouts Dikon,50,3267,Yuan Renminbi,Edgewire,44427
52,Jens Godber,Pastry - Apple Muffins - Mini,93,4780,Rupiah,Edgewire,24222
53,Haydon O'Dunniom,"Hickory Smoke, Liquid",80,3071,Ruble,Jabbercube,25613
54,Melli Bertrand,Cheese - Brie,93,1951,Kuna,Buzzbean,37462
55,Zeb Jovis,Table Cloth 54x54 Colour,49,4542,Hryvnia,Eire,26288
56,Berty Jozaitis,Table Cloth 53x53 White,18,2619,Euro,Lazz,45331
57,Angie Crips,Beans - Wax,28,2324,Rupiah,Jabberstorm,48504
58,Darrel Bompass,Eel Fresh,97,4381,Dong,Pixoboo,24317
59,Adelbert Yeude,Kumquat,47,3066,Euro,Tazzy,39691
60,Nettie Leckenby,Pastry - Plain Baked Croissant,88,3743,Dirham,Jabbersphere,45075
61,Adolf Brader,Sausage - Chorizo,2,3922,Euro,Trupe,20262
62,Augustine Daye,Oil - Macadamia,68,3879,Euro,Dabvine,21200
63,Margi Filipov,Table Cloth 62x120 Colour,53,3673,Yuan Renminbi,Skynoodle,30696
64,Constantine Boughtwood,Pork - Shoulder,89,4384,Peso,Abatz,46494
65,Donny MacTague,Cleaner - Pine Sol,87,2829,Yen,Quamba,28822
66,Flore Turner,Beans - Wax,22,4803,Dong,Skidoo,32501
67,Zachary Swann,Goat - Leg,31,3039,Ruble,Vinder,42637
68,Stoddard Godden,Liqueur - Melon,100,3472,Krona,Browsecat,28633
69,Averil Whetson,Juice - V8 Splash,82,4473,Peso,Voonder,36252
70,Auberta Bertouloume,Icecream - Dstk Strw Chseck,11,4723,Euro,Miboo,39472
71,Domenico Kmietsch,Ketchup - Tomato,98,4250,Rupiah,InnoZ,16645
72,Neila Rolse,"Quail - Whole, Bone - In",38,3234,Euro,Browsebug,40658
73,Etienne Castellaccio,"Rum - Coconut, Malibu",37,2187,Peso,Fiveclub,28284
74,Gerry Laugherane,Dehydrated Kelp Kombo,8,2615,Euro,BlogXS,21594
75,Dulciana Ridder,Cookie Dough - Chocolate Chip,44,3727,Yuan Renminbi,Zava,31185
76,Tressa Sewards,Crab - Meat Combo,37,4793,Dollar,Feednation,43240
77,Aleece Tingey,"Yogurt - Strawberry, 175 Gr",7,2587,Rupiah,Buzzster,46079
78,Esma Pammenter,Pomegranates,73,2993,Baht,Oyope,29041
79,Audi McAsgill,Appetiser - Bought,5,3011,Krona,Avaveo,35085
80,Norri Shewry,"Capon - Breast, Double, Wing On",91,2690,Yuan Renminbi,Devcast,37334
81,Ardisj Bradie,Wine - Manischewitz Concord,36,3356,Balboa,Shuffletag,26333
82,Flo Denniston,Onions - White,47,4522,Peso,Buzzster,35573
83,Derron Sans,Ice Cream Bar - Oreo Sandwich,70,2007,Baht,Tagpad,41250
84,Elli Midner,Lid - 3oz Med Rec,84,3414,Yuan Renminbi,Gabtune,16915
85,Vivian Laxston,"Lamb - Whole, Frozen",65,2717,Leone,Fivespan,25359
86,Enrico Stanyard,Chocolate Bar - Coffee Crisp,16,2605,Yuan Renminbi,Brainlounge,30432
87,Katuscha Giacubo,Bread - Italian Sesame Poly,67,2527,Yuan Renminbi,Fiveclub,26897
88,Candide Kasparski,Compound - Pear,46,1964,Rupiah,Realcube,49803
89,Jere Linbohm,Tamarind Paste,57,3238,Euro,Meemm,18501
90,Karlee Lauret,"Soup - Knorr, Ministrone",28,4712,Real,Jabberbean,41829
91,Fairleigh Cottee,"Soup - Campbells, Classic Chix",63,3349,Euro,Voomm,23337
92,Lorilyn Ingerman,Tomato - Green,69,3574,Yuan Renminbi,Vinder,20653
93,Jeno Bulluck,Icecream Bar - Del Monte,61,2858,Cordoba,Riffwire,49550
94,Pepito Prangnell,Syrup - Monin - Blue Curacao,19,2061,Euro,Yacero,42884
95,Babb Barthorpe,"Chocolate - Milk, Callets",43,4807,Sol,Realmix,45304
96,Dewain Spatarul,Potatoes - Idaho 100 Count,66,4369,Balboa,Thoughtworks,47825
97,Catherina Lettington,Swiss Chard,42,3850,Rupiah,Jaxspan,22623
98,Sigismund Padly,Table Cloth 54x54 Colour,56,3957,Euro,Riffpedia,29686
99,Link Harlock,Cake Sheet Combo Party Pack,48,2309,Yen,Jaxnation,31273
100,Austin Giovannilli,Bagelers,76,2195,Ruble,Meeveo,42308
101,Mary Geekin,Halibut - Steaks,60,2268,Yen,Yadel,41054
102,Fae Rabbage,Artichoke - Fresh,80,4162,Krona,Feednation,25163
103,Baryram Garment,Nougat - Paste / Cream,26,2714,Yuan Renminbi,Meezzy,43990
104,Malinde Dunphy,Juice - Mango,40,1576,Yuan Renminbi,Photolist,25929
105,Cobb Durak,"Beef - Rib Roast, Capless",84,1786,Dollar,Trudeo,46606
106,Sholom Hounsham,Veal - Osso Bucco,97,3146,Yuan Renminbi,Gabcube,41109
107,Scot Kingsnorth,Sugar Thermometer,27,3697,Peso,Bluejam,23522
108,Alphard Taylorson,Soup - Campbells Beef Noodle,12,1813,Peso,Shufflebeat,27052
109,Cynthy Lowdes,Tart - Raisin And Pecan,10,3839,Yuan Renminbi,Edgewire,19446
110,Terry O'Lunney,Rice Paper,9,2426,Peso,Aibox,43765
111,Rosemaria Jessope,"Stock - Chicken, White",78,4396,Rupiah,Skyba,34148
112,Susan Valente,Wine - Acient Coast Caberne,65,2401,Euro,Youfeed,24162
113,Elston Acheson,Salad Dressing,32,4377,Sol,Mydo,33326
114,Caitrin Leggs,Black Currants,60,4807,Dollar,Eamia,30921
115,Jennine Garfit,Oven Mitts - 15 Inch,80,2878,Rupiah,Centidel,34181
116,Matty Yearnes,Tomatoes Tear Drop Yellow,53,3180,Dollar,Jayo,17657
117,Rabi Derl,"Brocolinni - Gaylan, Chinese",24,2026,Peso,Skyvu,34257
118,Dodie Rodgers,Sprouts - China Rose,15,1693,Rupiah,Oloo,28737
119,Reinhold Roddan,Capers - Pickled,84,2262,Rupiah,Rhynyx,37866
120,Dallas McKoy,"Cup - 3.5oz, Foam",46,3779,Yuan Renminbi,Zoombeat,39386
121,Lainey McSkeagan,"Soup - Knorr, Classic Can. Chili",26,4468,Tugrik,Devpulse,19910
122,Barrett Stoffler,Bread Bowl Plain,80,1548,Peso,Dabvine,44773
123,Chev Haswall,Momiji Oroshi Chili Sauce,59,1798,Franc,Voolith,28724
124,Asher Mcsarry,Wine - Barossa Valley Estate,87,4728,Peso,Quaxo,36062
125,Erl Catonnet,Pork - Bones,59,3300,Yuan Renminbi,Tagpad,23162
126,Dacy Crathorne,Pizza Pizza Dough,64,4350,Real,Abata,48451
127,Lotty De Vries,Beer - Sleemans Cream Ale,11,3462,Zloty,Leenti,32191
128,Dari Arnaldy,Muffin - Mix - Mango Sour Cherry,65,2946,Euro,Lazz,32415
129,Jermaine Schade,Juice - Orange 1.89l,22,3067,Krona,Flashspan,44540
130,Courtney Assard,Oysters - Smoked,88,3719,Colon,Zoomlounge,43287
131,Blanche Canwell,Mint - Fresh,40,2949,Peso,Myworks,32688
132,Brigida Edgecumbe,Soup - Campbells Asian Noodle,75,4024,Real,Abatz,44359
133,Sauveur Fewtrell,Haggis,87,3361,Euro,Bluejam,41957
134,Sofia Noller,Cheese - Blue,78,2249,Zloty,Realcube,42844
135,Sabine Mattson,Cabbage - Red,96,2780,Ruble,Browsezoom,43635
136,Harriott Baudinet,Juice - Orange 1.89l,62,1598,Euro,Kwinu,24419
137,Coraline Dunston,Cheese - Sheep Milk,81,2984,Peso,Mita,19386
138,Stafani Lygo,Sansho Powder,87,3070,Yuan Renminbi,Jaxworks,42486
139,Fanchon Blincko,Skirt - 24 Foot,87,4612,Real,Blogspan,38528
140,Sheelah Borkett,Wine - Port Late Bottled Vintage,99,3521,Euro,Talane,25904
141,Rahel Mangeon,Beans - Green,7,4299,Yuan Renminbi,Tazz,27441
142,Jacki Grasner,Snapple Raspberry Tea,96,2835,Krona,Skinix,16218
143,Pen Newlands,Bread - Rye,22,4648,Yuan Renminbi,Abatz,40607
144,Glenna Dann,Fruit Salad Deluxe,27,1710,Koruna,Rhynoodle,38102
145,Nicolais Minster,Beans - Green,24,2489,Real,Skipstorm,44729
146,Dorri Malthus,Spaghetti Squash,85,1841,Yuan Renminbi,Centizu,27547
147,Charmian Evers,Rabbit - Legs,67,1987,Dinar,Abatz,46249
148,Judye Shanley,Kiwi Gold Zespri,50,2025,Rand,Edgetag,32057
149,Rosana Bowbrick,Soup Campbells Split Pea And Ham,4,3335,Rupiah,Linklinks,47108
150,Emalee Zeal,"Mop Head - Cotton, 24 Oz",90,4538,Dram,Topiclounge,45499
151,Lockwood MacCrann,Lobster - Tail 6 Oz,54,4978,Pound,Jabbertype,44527
152,Timothy Waddilow,Anisette - Mcguiness,3,3182,Ruble,Flipstorm,31348
153,Dedie Cromer,Aspic - Amber,36,3529,Peso,Tagchat,39860
154,Ronni Cossins,"Pork - Butt, Boneless",25,4518,Bolivar,Abata,48065
155,Timmie Dunkerly,Mayonnaise - Individual Pkg,9,4057,Zloty,Fivechat,40919
156,Jeno Margach,Mussels - Frozen,50,1529,Quetzal,Snaptags,15068
157,Sherill Bosanko,Table Cloth 62x120 Colour,6,4617,Real,Edgetag,29103
158,Rhianon Sutherden,Cheese - Fontina,24,3925,Yuan Renminbi,Photojam,18880
159,Xenia Bims,Egg - Salad Premix,56,2223,Euro,Edgetag,21022
160,Jermaine Bredgeland,Wine - Ej Gallo Sierra Valley,90,1507,Manat,Realcube,17063
161,Henrie Auld,Cornflakes,51,3498,Dollar,Kwinu,23365
162,Lacy Shallo,"Mushrooms - Black, Dried",55,4569,Ruble,Photojam,48252
163,Phyllis Wescott,Beets,10,1511,Rupiah,Roodel,22311
164,Dorthy Skeene,"Lemonade - Natural, 591 Ml",75,1982,Euro,Photofeed,20633
165,Nappie Sheahan,Lamb - Whole Head Off,61,1632,Krona,Brightbean,47516
166,Etty Murray,Juice - Orange,42,3382,Rupee,Blogpad,28100
167,Pernell McPhater,Puff Pastry - Sheets,19,3596,Yuan Renminbi,Jayo,20592
168,Ford Freschini,Sterno - Chafing Dish Fuel,35,2325,Ringgit,Brainverse,41985
169,Dolf Priest,Beef Dry Aged Tenderloin Aaa,55,4377,Ariary,Vidoo,35031
170,Nickola O'Mullally,Savory,27,4501,Yuan Renminbi,Gigaclub,27486
171,Prue Sheppard,Wine - Barbera Alba Doc 2001,53,4118,Yuan Renminbi,Edgeclub,33703
172,Tripp Sailor,Nantuket Peach Orange,13,4893,Baht,Kwimbee,38512
173,Lisette Byrnes,Wanton Wrap,68,4320,Yuan Renminbi,Yoveo,44822
174,Crin Walsom,"Soup - Campbells, Minestrone",60,3729,Rupiah,Yodel,28130
175,Crysta Back,Turkey Leg With Drum And Thigh,47,1788,Rial,Tagchat,42160
176,Tailor Coxall,Juice - Prune,47,2644,Hryvnia,Wordtune,35211
177,Carly Rotherforth,Wine - Balbach Riverside,65,4094,Rupiah,Shufflebeat,48726
178,Kendall Sprackling,Lighter - Bbq,11,3153,Pula,Skilith,17654
179,Bear Layhe,Amarula Cream,83,3426,Hryvnia,Podcat,30276
180,Chloe Barnwell,"Coke - Diet, 355 Ml",77,3242,Yuan Renminbi,Dynabox,16843
181,Yancy Drable,"Yogurt - Banana, 175 Gr",69,3630,Euro,Youspan,30155
182,Pren Alvarado,Salt - Celery,91,3179,Dollar,Oyondu,33103
183,Lindsy Negus,Spice - Peppercorn Melange,36,1533,Yuan Renminbi,Rhycero,23318
184,Ty Pentony,Glass Clear 8 Oz,64,4543,Ruble,Topicblab,39559
185,Kevin Petracek,Dry Ice,44,1556,Ruble,Trudoo,45178
186,Scottie Pyatt,"Lamb - Leg, Bone In",66,3165,Lev,Yozio,15835
187,Rufe Ropkins,Salt And Pepper Mix - White,69,4346,Yuan Renminbi,Twimm,20778
188,Mario Daldry,Peppercorns - Green,10,2488,Euro,Cogidoo,29038
189,Gearalt Donaher,Tomatoes - Yellow Hot House,21,2870,Zloty,Tavu,15752
190,Pris Oakenfall,Veal - Inside,47,2320,Peso,Voonyx,49936
191,Beaufort Cline,"Crab - Dungeness, Whole, live",92,4157,Peso,Browseblab,23243
192,Lilli Permain,Red Cod Fillets - 225g,69,3478,Dollar,Abatz,31637
193,Augy Freyn,"Veal - Brisket, Provimi, Bone - In",5,3129,Baht,Quimm,31723
194,Eilis Axleby,Quail - Jumbo Boneless,41,4899,Rial,Flipopia,30214
195,Del Blaksland,Mint - Fresh,6,4592,Rupiah,Skinder,44708
196,Albina Cordero,Shark - Loin,8,3182,Rial,Centizu,24229
197,Sarine Everal,Oil - Shortening - All - Purpose,56,1861,Yuan Renminbi,Livetube,28845
198,Sibyl Goomes,Corn Meal,25,4851,Leu,Twitterbridge,44290
199,Germayne Pagett,Coffee - Egg Nog Capuccino,13,2427,Euro,Youbridge,15896
200,Astrix Deamer,Muffin Orange Individual,85,2712,Yuan Renminbi,Jetwire,30846
201,Eryn Skully,"Tea - Darjeeling, Azzura",22,4538,Yuan Renminbi,Tanoodle,37923
202,Ruy Jeafferson,Capicola - Hot,6,4328,Euro,Gabtype,37502
203,Dwight Tirte,Salt - Kosher,47,3108,Euro,Eayo,15388
204,Francis Allbut,"Wine - Red, Cooking",11,2336,Franc,Rhybox,16635
205,Free Beeho,Soup - Campbells,95,3342,Denar,Bluejam,42837
206,Goldia Borrett,Soup Bowl Clear 8oz92008,16,4036,Euro,Yadel,21997
207,Cherlyn Tuvey,Cabbage - Savoy,87,2510,Yuan Renminbi,Babbleblab,45440
208,Barrie Fearick,Scallops - 10/20,26,4428,Dollar,Dabvine,30228
209,Catlin Rays,Mangostein,75,2235,Franc,Zava,30393
210,Cassandry Pipe,Cheese - Cheddar With Claret,94,3555,Rupiah,Mymm,15179
211,Isacco Martini,Swiss Chard,68,4469,Rupiah,Riffpedia,35804
212,Nikolia Kensit,Cookie - Oreo 100x2,91,1638,Peso,Vinte,29669
213,Ardys Blonfield,Chocolate - Dark Callets,57,1784,Yen,Wikido,35101
214,Britteny Douthwaite,Wine - Sawmill Creek Autumn,50,3358,Litas,Brainverse,23475
215,Leon Davidof,Flower - Commercial Spider,42,4065,Yuan Renminbi,Aibox,26734
216,Olag Du Hamel,"Onions - Dried, Chopped",27,3539,Ruble,Edgeify,42572
217,Flossy Argente,Sole - Fillet,10,1650,Rupiah,Centizu,18958
218,Rozamond Feron,"Flour - Bran, Red",40,3177,Dollar,Blogspan,49240
219,Isabella Hillum,Bagel - Plain,4,4252,Krona,Thoughtblab,47874
220,Esme Frary,Pepper - Sorrano,98,2782,Real,Dabjam,47759
221,Evy Scholey,Shortbread - Cookie Crumbs,41,2682,Baht,Dynava,24189
222,Goraud Caught,Mushroom - Crimini,34,2695,Real,Meemm,16557
223,Gerladina Episcopio,Skewers - Bamboo,47,4603,Rupiah,Photobean,20033
224,Petronille Magarrell,Whmis Spray Bottle Graduated,46,1976,Sol,Gigaclub,42397
225,Terrill Wadie,Wiberg Cure,91,4247,Ruble,Vinte,40314
226,Bronson Ramble,Oil - Olive,62,3970,Guarani,Wordpedia,25127
227,Melisandra Frude,Lemon Pepper,32,2514,Yuan Renminbi,Ntag,49854
228,Rodrick Smurthwaite,Wine - Black Tower Qr,74,3995,Lev,Browsecat,29897
229,Ferne Mapis,Wine - Sogrape Mateus Rose,6,4526,Peso,Yotz,37528
230,Ron O'Crevy,Muffin Mix - Carrot,54,4999,Euro,Janyx,25663
231,Billie Graeme,Bread - Corn Muffaleta Onion,90,2281,Kyat,Yombu,38122
232,Hayes McCarlich,Ham - Cooked Bayonne Tinned,27,4456,Yuan Renminbi,Dabtype,43243
233,Nancy Elms,Cup - Paper 10oz 92959,73,3621,Real,Vitz,28751
234,Cyrillus Swatradge,Plate Foam Laminated 9in Blk,21,4568,Sol,Yombu,26380
235,Jarrett Wither,Persimmons,89,1550,Rial,Rhyzio,41810
236,Marylee Smieton,"Pork - Tenderloin, Frozen",50,1677,Hryvnia,Omba,35885
237,Jobina Crawcour,Pork - Caul Fat,37,1543,Euro,Skippad,35231
238,Malchy Patron,"Cheese - Brie, Cups 125g",24,3989,Rupiah,Midel,42181
239,Ethelda Chater,"Wine - White, Ej Gallo",59,3567,Peso,Tagtune,46406
240,Chester De Beneditti,"Soup - Clam Chowder, Dry Mix",54,2080,Zloty,Realblab,25808
241,Ryan Beeby,Calvados - Boulard,27,3406,Euro,Yabox,25566
242,Ginnifer Pheby,Apricots - Dried,15,4557,Ruble,Devshare,24465
243,Robby Ponsford,Dragon Fruit,49,3450,Ruble,Muxo,16934
244,Candie Bimrose,Buffalo - Striploin,65,3374,Euro,Vipe,17594
245,Jessy Bromilow,Wasabi Paste,26,1554,Rupiah,Rhyloo,27586
246,Giralda Temprell,Nut - Macadamia,89,2612,Rupee,Realpoint,38515
247,Irvin Danaher,Longos - Chicken Curried,80,3377,Dollar,Vitz,43715
248,Vanny Koomar,Wine - Fat Bastard Merlot,2,3874,Zloty,Pixoboo,19304
249,Vail Belhome,Cocoa Butter,53,2237,Dollar,Zooxo,35289
250,Sauveur Devonish,Coffee Beans - Chocolate,30,2021,Yen,Zoozzy,41010
251,Reilly Imeson,Vinegar - Rice,29,2057,Real,Meejo,26654
252,Deny Botham,Chocolate - Dark Callets,85,2103,Dollar,Oyonder,36002
253,Domini Leetham,"Chocolate - Pistoles, White",84,1548,Rial,Layo,20458
254,Betsy Maith,"Wine - White, Riesling, Henry Of",17,3417,Afghani,Skipfire,39594
255,Kathryn Jamieson,Beer - Upper Canada Light,27,4528,Baht,LiveZ,45509
256,Guinna Girault,Carbonated Water - White Grape,85,2724,Rupiah,Photobug,47061
257,Freddie Gorring,Plasticspoonblack,43,3348,Ruble,Blogtag,18841
258,Verine Mathelon,Cheese - Augre Des Champs,92,4679,Yuan Renminbi,Devcast,15272
259,Sherm Rodders,Muffin Hinge Container 6,99,4891,Rupiah,Tazz,34667
260,Peyter Hards,"Doilies - 7, Paper",24,1596,Euro,Zoozzy,25412
261,Leopold Whitnell,Vinegar - Red Wine,35,2905,Ringgit,Voonix,43310
262,Ludvig Keir,Soy Protein,78,2045,Ruble,Gigashots,27580
263,Lorena Gibbens,Cream - 18%,56,2530,Peso,Gigashots,25392
264,Gwenny Cobbe,"Veal - Inside, Choice",40,3491,Euro,Skyble,45406
265,Kalina Dallander,Kohlrabi,14,1955,Peso,Feednation,42189
266,Auberon Inglesfield,Chicken - Livers,99,3640,Franc,Linklinks,47012
267,Yetty Dunlop,"Coffee - Colombian, Portioned",40,3176,Rial,Jaxworks,19959
268,Carita Waszczyk,Sobe - Tropical Energy,13,2371,Hryvnia,Livepath,44224
269,Gabriella Dooley,"Beef - Roasted, Cooked",92,2434,Yuan Renminbi,Browsezoom,24712
270,Earlie Bradnock,Carrots - Mini Red Organic,87,2988,Euro,Twinte,28540
271,Colene Pierucci,Cup - 8oz Coffee Perforated,25,3961,Krona,Riffpedia,42651
272,Maurice Bewshaw,Appetizer - Crab And Brie,31,4953,Yen,Wikido,48106
273,Den Edmundson,Wine - Carmenere Casillero Del,46,3510,Dollar,Blogtags,39723
274,Worth Arzu,Beef - Short Loin,92,1704,Euro,Oyoloo,39694
275,Ricard Nerney,Pepper - Green Thai,42,2847,Rupiah,Eire,20822
276,Jennee Fisby,Shrimp - Black Tiger 16/20,53,2932,Rupiah,Jayo,36385
277,Florian Seniour,"Coconut - Creamed, Pure",73,4480,Rupiah,Avamm,49397
278,Berti Glide,Flax Seed,50,4503,Yuan Renminbi,Skyndu,35194
279,Meggy Bascombe,Appetizer - Veg Assortment,8,3118,Peso,Zoozzy,23152
280,Kelley Jerman,Wine - Ruffino Chianti,72,1606,Ruble,Abata,41464
281,Georas Dew,Coffee Swiss Choc Almond,98,1932,Zloty,Topiclounge,45772
282,Carita Padly,Cabbage - Green,67,3530,Peso,Skyvu,31701
283,Addia Blackham,Grapes - Red,43,2253,Dong,Dabshots,49069
284,Colan Ferrulli,Blackberries,72,4140,Krona,Muxo,41783
285,Alexia Dewire,Juice Peach Nectar,16,1676,Euro,Yata,43556
286,Petrina Engelmann,Sausage - Liver,90,4781,Euro,Yodoo,21421
287,Stephie Barnhill,Graham Cracker Mix,74,4818,Koruna,Fatz,35631
288,Loretta Garlicke,"Nut - Pecan, Pieces",85,1778,Franc,Jaxnation,45779
289,Nowell Redit,Scallops - In Shell,80,1638,Lempira,Yambee,38739
290,Bradly Itschakov,Cookies - Englishbay Wht,31,4882,Shilling,Brightbean,40807
291,Frederik Late,Corn Shoots,77,4149,Rial,Wordtune,46392
292,Tilda Philipsson,"Marsala - Sperone, Fine, D.o.c.",74,1599,Rupee,Skyndu,29386
293,Teresa Pughsley,Triple Sec - Mcguinness,4,4819,Yuan Renminbi,Wordify,29605
294,Isador Bowshire,Easy Off Oven Cleaner,55,3654,Koruna,Mycat,38344
295,Gill Hynard,Ice Cream - Life Savers,59,2354,Rupiah,Bubbletube,29183
296,Crystal Iacovone,Coffee - 10oz Cup 92961,57,3855,Yen,Chatterbridge,41082
297,Desiri Jolly,Chicken - Leg / Back Attach,6,4251,Krona,Kare,47509
298,Phaedra Punshon,Chips - Doritos,22,4900,Yuan Renminbi,Gabcube,44103
299,Livvyy Marner,"Bread - Pumpernickle, Rounds",94,4326,Dalasi,Realbridge,28669
300,Aksel Smees,"Wine - Red, Wolf Blass, Yellow",53,2999,Euro,Dabshots,37599
301,Angus Alyukin,Onions - Green,38,4074,Rupee,Meevee,20937
302,Carlye Camier,Milk - Chocolate 500ml,8,3694,Yen,Trilith,49723
303,Johnette Itzkovwich,Otomegusa Dashi Konbu,4,2797,Dong,Meetz,29718
304,Kellyann Byfield,Longos - Greek Salad,5,4750,Ruble,Skivee,16658
305,Brittney Haddy,Garbage Bags - Clear,41,3858,Euro,Brightdog,16052
306,Alva O'Kielt,Cookies Cereal Nut,9,3281,Yuan Renminbi,Youspan,34175
307,Francoise Driussi,"Olives - Black, Pitted",66,3447,Yuan Renminbi,Babbleopia,26819
308,Uta Talboy,"Artichoke - Bottom, Canned",12,2579,Yuan Renminbi,Edgewire,43120
309,Edlin Ireland,Pants Custom Dry Clean,46,1980,Sol,Nlounge,45693
310,Willdon Westbury,Soap - Mr.clean Floor Soap,93,4406,Real,Fliptune,44548
311,Penelopa Dodd,Pork - Shoulder,28,2449,Dollar,Dynazzy,31246
312,Nettie Aslie,Cod - Fillets,86,3193,Ruble,Meevee,35709
313,Ruthann Snewin,Rye Special Old,96,1834,Real,Meedoo,39082
314,Barby Francisco,Emulsifier,4,3451,Peso,Viva,46373
315,Kirbie Kelling,Petit Baguette,23,3003,Sol,Trudoo,37818
316,Salaidh Brewis,Muffin - Banana Nut Individual,45,3489,Euro,Linktype,48560
317,Cathrin Makeswell,"Beef - Cooked, Corned",79,3560,Shilling,Vimbo,17706
318,Lindon Grimstead,Wine - Conde De Valdemar,27,3129,Zloty,Feedspan,35167
319,Lauretta Clausius,Rabbit - Saddles,70,2225,Baht,Nlounge,30470
320,Darnell Beardsley,Yokaline,9,2380,Euro,Aimbo,23482
321,Jeannette Itscowicz,Cheese - Grana Padano,85,2546,Rupiah,Twimbo,48228
322,Merna Chatto,Tea - Lemon Scented,36,1651,Rupiah,Kayveo,23364
323,Kori Normaville,Okra,80,2767,Yuan Renminbi,Livepath,46306
324,Caria Fibben,Sauerkraut,96,3969,Franc,Dabvine,36326
325,Herbert Giffon,Wine - Sogrape Mateus Rose,21,2554,Yuan Renminbi,Aimbu,34884
326,Clarence Spurgeon,"Soup - Cream Of Broccoli, Dry",97,3113,Dollar,Gabspot,16235
327,Cob Drayson,"Marsala - Sperone, Fine, D.o.c.",71,1819,Peso,Rooxo,48610
328,Roldan Tudhope,Tea - Honey Green Tea,69,3922,Peso,Skalith,42942
329,Tallou Jeram,Wine - Masi Valpolocell,26,4516,Ruble,Gabtune,37688
330,Rici Massey,Cookies - Fortune,34,3469,Euro,Fivebridge,27656
331,Vito Jervis,Sauce - Marinara,11,2488,Rial,Myworks,37200
332,Teddy Reidie,Mix Pina Colada,97,4382,Ruble,Kare,21375
333,Cindie O'Feeney,Chambord Royal,84,4946,Baht,Babbleblab,27719
334,Sophie Goodman,Aspic - Clear,98,2347,Peso,Eadel,41128
335,Anissa Shropshire,Milk - 2%,43,3376,Afghani,Chatterpoint,22115
336,Bert Heppner,Mints - Striped Red,90,1635,Rial,Babblestorm,15694
337,Joelynn Ausiello,Black Currants,35,3099,Riels,Eadel,38705
338,Stevana Pownall,Vacuum Bags 12x16,18,3799,Krona,Vitz,20121
339,Virgie Stannis,Soup - Campbells Pasta Fagioli,33,3179,Sol,Aimbu,26677
340,Hagen Joseff,Flour - Whole Wheat,57,4393,Yuan Renminbi,Chatterbridge,49307
341,Gualterio Beldum,"Turkey - Breast, Double",52,4221,Peso,Realcube,27331
342,Mignon Laight,Glaze - Apricot,5,3892,Peso,Divavu,22683
343,Kristoffer Zaniolo,Potatoes - Parissienne,32,1516,Rupiah,Thoughtbeat,17214
344,Rusty Dael,Oysters - Smoked,30,3200,Quetzal,Yadel,34366
345,Ursola McCloud,Plaintain,6,2744,Peso,Riffpath,15937
346,Pamella Bernini,"Nut - Almond, Blanched, Whole",81,2117,Tenge,Feednation,31825
347,Virgie Bootton,Bagel - Sesame Seed Presliced,67,3803,Euro,Thoughtbeat,15578
348,Larina Elles,Bag Stand,3,2784,Peso,Leenti,29784
349,Haven Scollick,Beans - Green,34,3302,Euro,Jatri,21866
350,Hanny Plowell,"Pepper - Chipotle, Canned",10,2401,Rupiah,Kamba,37020
351,Silvie Guitel,Soup Campbells,51,1644,Euro,Zoomdog,45946
352,Alberik Lowseley,Beef - Top Sirloin,80,1971,Franc,Bubblebox,33520
353,Bonnee Chastelain,Cheese - Goat With Herbs,64,4423,Real,Bubblebox,18330
354,Normie Crammy,Juice - Mango,83,4395,Peso,Kanoodle,29727
355,Sondra Laurenzi,"Wine - White, Riesling, Henry Of",2,2197,Euro,Kwinu,28179
356,Adela Fearneley,"Beef - Ox Tail, Frozen",37,2923,Yuan Renminbi,Kamba,43189
357,Hermione Moggie,"Wine - White, Riesling, Henry Of",95,3896,Baht,Npath,29287
358,Kimmi Broszkiewicz,"Pepper - White, Ground",32,2137,Hryvnia,Twitterbridge,39069
359,Judon Vale,Mayonnaise - Individual Pkg,92,3031,Pound,Brightdog,29361
360,Temple Cunde,Anisette - Mcguiness,90,3231,Ringgit,Bubbletube,20111
361,Blondy Summerbell,Wine - Rhine Riesling Wolf Blass,7,4619,Shekel,Skilith,24433
362,Margaret Kneeshaw,Bread - Hamburger Buns,19,3256,Yuan Renminbi,Divape,18381
363,Hedvig Dybald,"Nut - Pecan, Pieces",85,4377,Euro,Voonix,25535
364,Bordy McCudden,Bread - Burger,59,3530,Real,Realbridge,24369
365,Tallulah Ellings,Cabbage Roll,36,2540,Ruble,Wikibox,25693
366,Rosemonde Cockell,Ecolab - Lime - A - Way 4/4 L,47,1668,Yuan Renminbi,Brightdog,25631
367,Fania Synder,Mints - Striped Red,80,4899,Zloty,Skyba,46820
368,Beverly Shapcott,"Crab - Back Fin Meat, Canned",62,1586,Guarani,Trilith,24500
369,Chanda Burnside,Fudge - Cream Fudge,30,3495,Euro,Mudo,47292
370,Rudy Westcot,Lid - 16 Oz And 32 Oz,81,1543,Franc,Gabspot,17933
371,Meriel Goodding,Bread Sour Rolls,71,1808,Yuan Renminbi,Brightbean,26433
372,Mychal Beak,Macaroons - Two Bite Choc,36,4314,Peso,Gigaclub,37143
373,Barbie Badby,Napkin Colour,10,4385,Euro,Skaboo,32896
374,Isak Nowell,"Rum - Spiced, Captain Morgan",67,3267,Dollar,Eire,39971
375,Athene Haucke,Potatoes - Parissienne,7,2037,Koruna,Skinder,34120
376,Cornie Gleadhall,Veal - Ground,83,4168,Rupee,Jaxnation,47828
377,Ferdinand Ramage,Wine - Chenin Blanc K.w.v.,12,1597,Peso,Vinder,34346
378,Ashlin Dorkin,Coffee - Espresso,78,4602,Rand,Kazu,24459
379,Tobey Reichelt,Muffin - Banana Nut Individual,51,2138,Marka,Yotz,36838
380,Erminie Piperley,Coffee - Hazelnut Cream,59,4459,Ruble,Topicblab,46744
381,Chicky Coulsen,Energy - Boo - Koo,25,3733,Hryvnia,Twinte,21654
382,Rebe Gossage,"Halibut - Whole, Fresh",36,4658,Zloty,Skinder,35990
383,Eugine Giacomuzzi,Puff Pastry - Sheets,34,1539,Zloty,Einti,20190
384,Garland Khalid,Nori Sea Weed - Gold Label,25,3924,Dollar,Oodoo,41584
385,Krisha Wallenger,Tea - Grapefruit Green Tea,12,1504,Peso,Pixoboo,39786
386,Nanni Eyden,"Wine - Red, Harrow Estates, Cab",56,1600,Yuan Renminbi,Rooxo,43906
387,Stephanus Laffoley-Lane,Longos - Grilled Salmon With Bbq,46,3786,Peso,Digitube,27402
388,Goldina Tourle,"Bread - Pumpernickle, Rounds",63,2941,Yuan Renminbi,Skiba,32730
389,Ingra Baglan,Bread - Pain Au Liat X12,17,1588,Franc,Zoomcast,25617
390,Dur Wonfor,Oats Large Flake,56,4346,Yuan Renminbi,Browsetype,30078
391,Naomi Giannoni,Wine - Zinfandel California 2002,57,1728,Rupiah,Aivee,39153
392,Thain Briffett,Chicken - Wieners,61,3234,Euro,Topiczoom,30926
393,Dynah Rosenfelt,Sole - Iqf,48,3843,Rupiah,Jayo,43431
394,Aaren Wrench,Cheese - Roquefort Pappillon,20,4354,Euro,Yodel,27968
395,Dawna Fannin,Pasta - Ravioli,73,4680,Peso,Ooba,49657
396,Galen Iacobini,Sage - Ground,68,3704,Real,Thoughtstorm,17160
397,Catie Moehle,Soup Campbells Split Pea And Ham,49,2311,Afghani,Gigaclub,27023
398,Lynn Wife,Appetizer - Smoked Salmon / Dill,41,2709,Euro,Kwideo,21474
399,Witty Airds,Wine - Redchard Merritt,43,4993,Dollar,Jamia,16540
400,Lotti Palumbo,Bagels Poppyseed,71,2890,Ruble,Aimbo,24633
401,Cordie Moiser,Raspberries - Fresh,15,3801,Rial,Twitternation,48013
402,Janot Shallcross,Samosa - Veg,77,2827,Euro,Photolist,40585
403,Davidson Elener,"Artichoke - Hearts, Canned",53,2617,Euro,Divavu,29591
404,Jethro Bussey,Food Colouring - Orange,83,4880,Yuan Renminbi,Jamia,25834
405,Bronnie Trusslove,Sherry - Dry,51,2244,Dinar,Feedfire,38447
406,Dennet Baines,"Liqueur Banana, Ramazzotti",99,4862,Rupiah,Divape,27727
407,Colman Lelievre,Pastry - Apple Large,79,4285,Peso,Vinder,49118
408,Lizzy Macallam,Samosa - Veg,37,1874,Hryvnia,Yakidoo,39187
409,Grady Ughetti,Liqueur - Melon,45,2375,Ruble,Skajo,19385
410,Reinaldos Klewer,Dry Ice,81,4906,Ruble,Wikibox,34072
411,Sybyl Gurry,Five Alive Citrus,20,3344,Yuan Renminbi,Edgewire,20037
412,Iorgo Sapauton,Apple - Custard,83,4627,Yuan Renminbi,Shuffledrive,16555
413,Sayers Gladstone,Wine - Merlot Vina Carmen,21,3083,Yuan Renminbi,Fivebridge,17741
414,Rafaela Hanselmann,Puree - Pear,76,1634,Pound,Yambee,16563
415,Gwenette Carradice,Orange Roughy 6/8 Oz,37,3229,Euro,Photolist,42182
416,Ulysses Romanetti,Bread - Kimel Stick Poly,29,2086,Peso,Photobug,23302
417,Guy Shurville,"Yogurt - Cherry, 175 Gr",64,3970,Peso,Youopia,16067
418,Nickolai Crawcour,"Appetizer - Spring Roll, Veg",82,4378,Peso,Jaxnation,35387
419,Inglis Waliszewski,"Wine - Red, Mouton Cadet",17,1854,Rupiah,Yakijo,16884
420,Jesselyn Kelley,Shark - Loin,78,2327,Ruble,Viva,46335
421,Adele Bowlands,Juice - Mango,91,4330,Krona,Plajo,19910
422,Any Marchetti,Sauce - Rosee,18,4792,Yuan Renminbi,Realpoint,34303
423,Almira Elsom,Cheese - Provolone,4,4071,Dollar,Photospace,31057
424,Blisse Studdeard,"Beans - Black Bean, Preserved",32,4466,Peso,Fatz,31420
425,Modestine Hacquard,Nantucket - Pomegranate Pear,18,4880,Euro,Rhyzio,23840
426,Martyn Burkman,Apples - Sliced / Wedge,28,1689,Euro,Leenti,28230
427,Ruttger Birkin,Apricots Fresh,8,3319,Peso,Twitterbridge,44129
428,Neysa Gawkes,Muffin Hinge 117n,38,4118,Cedi,Jabbersphere,24535
429,Umeko Sherburn,Cheese - La Sauvagine,28,2292,Baht,Zoozzy,26241
430,Ofella Wolfenden,"Cherries - Bing, Canned",38,4822,Shilling,Yata,26772
431,Montague Di Francesco,"Cheese - Havarti, Roasted Garlic",13,4167,Euro,Skinix,25169
432,Olly Purbrick,Lobster - Canned Premium,81,4845,Peso,Edgeblab,15826
433,Benoite Plunkett,Ham - Cooked Bayonne Tinned,32,2586,Euro,Edgeify,48247
434,Ranee Harbidge,Wonton Wrappers,47,4268,Rand,Bluejam,19202
435,Christoforo Courcey,Spice - Montreal Steak Spice,30,2210,Yuan Renminbi,Yotz,25060
436,Marcille Spridgen,Flour - Strong,59,3616,Rupiah,Vidoo,42877
437,Cordula Statton,Spice - Chili Powder Mexican,94,3901,Yuan Renminbi,Muxo,25892
438,Xena Howton,True - Vue Containers,75,3162,Ruble,Shuffletag,23114
439,Carlota O' Mulderrig,Triple Sec - Mcguinness,34,3695,Euro,Flipopia,46032
440,Francis Hebblethwaite,"Pork - Chop, Frenched",58,2565,Peso,Pixoboo,46287
441,Ambur Fiorentino,Tea - Decaf 1 Cup,69,3372,Baht,Eabox,24290
442,Frederico Glasscoe,Extract - Lemon,98,2562,Euro,Fatz,33014
443,Kaile Dennerly,Beef - Bresaola,88,3721,Real,Skibox,45738
444,Allis Bowra,Onions - Spanish,8,4925,Real,Ozu,27154
445,Karlene Doxsey,"Yogurt - Banana, 175 Gr",39,3139,Euro,Snaptags,43530
446,Allayne Texton,Tea - Decaf Lipton,96,3300,Lek,Devpoint,46287
447,Jobyna Ferretti,Tea - Lemon Green Tea,35,2054,Rupiah,Skiba,20719
448,Clarey Carnson,Onions - Cippolini,3,2086,Yuan Renminbi,Abatz,19161
449,Loralee Waller-Bridge,Nori Sea Weed - Gold Label,87,3090,Peso,Dabshots,46290
450,Ebenezer Waiting,"Cheese - Mozzarella, Buffalo",32,2371,Rupiah,Kwimbee,20053
451,Pen Cakes,Chocolate - Liqueur Cups With Foil,45,2685,Euro,Twitternation,19965
452,Hyacinthia Gerardin,Quinoa,50,1854,Rupiah,Fivespan,43182
453,Krista Smithies,Puff Pastry - Sheets,26,3379,Rand,Plambee,39927
454,Phillis Cobello,Flower - Dish Garden,87,1630,Zloty,Chatterpoint,43494
455,Bianca Hanmer,Pepper - Green Thai,84,4434,Peso,Wordpedia,27681
456,Dorothee Morratt,Wine - Chateau Timberlay,51,3562,Rupiah,Blogtag,46475
457,Torrie Feechum,Flour - Chickpea,85,3822,Rupiah,Skyble,24835
458,Karina Middlebrook,The Pop Shoppe - Lime Rickey,25,1705,Dollar,Thoughtblab,33566
459,Burnaby Lorek,Icecream - Dibs,61,4332,Hryvnia,Meevee,41599
460,Basil Milby,Coffee Caramel Biscotti,67,3120,Euro,Wordware,32717
461,Raffaello Willmore,Cloves - Ground,52,1617,Dollar,Kamba,18392
462,Alyson Austin,Garlic,18,4386,Yuan Renminbi,Devpoint,44108
463,Catarina Jurczak,Carbonated Water - Raspberry,87,2927,Lek,Oyoba,44368
464,Fidole Dagwell,Wine - Trimbach Pinot Blanc,29,3818,Lempira,Abata,23112
465,Joly Coales,Pork - Ham Hocks - Smoked,55,3657,Rupiah,Jaxworks,22452
466,Alvina Radclyffe,Pheasants - Whole,87,4241,Rupiah,Eamia,17997
467,Hedda Woodfield,Milk Powder,66,2841,Pound,Latz,18816
468,Haven Ivanenkov,V8 Splash Strawberry Kiwi,67,4181,Euro,Jetpulse,37072
469,Karena Sterrick,Oil - Avocado,51,3637,Rupiah,Rhynoodle,41391
470,Ira Brumfitt,"Pasta - Shells, Medium, Dry",64,3371,Rupiah,Dabvine,22404
471,Ali Oldland,"Quail - Eggs, Fresh",70,2569,Yuan Renminbi,LiveZ,45435
472,Martin Bullene,Soup Campbells - Italian Wedding,58,1694,Zloty,Pixonyx,35593
473,Rea Sokell,Cocoa Butter,71,2216,Sol,Voonix,49697
474,Lavina Wabe,"Tart Shells - Sweet, 4",77,3771,Yuan Renminbi,Ainyx,30889
475,Addison Gabbatt,Wine - Shiraz South Eastern,41,3102,Yuan Renminbi,Brightdog,34508
476,Roselle McSorley,Dragon Fruit,66,3272,Rupiah,Talane,27153
477,Christoph Gooddy,Beer - Sleemans Cream Ale,51,4526,Peso,Babbleopia,17415
478,Early Woliter,Extract - Almond,83,4070,Peso,Trupe,46201
479,Clayton Vasnetsov,"Pasta - Linguini, Dry",89,4678,Yen,Yambee,22394
480,Beryle Foulds,Bagel - Everything,57,3939,Ruble,Leexo,32398
481,Moira Sabate,"Pasta - Penne, Rigate, Dry",16,4947,Yuan Renminbi,Topicstorm,26417
482,Conn Stodhart,Puree - Pear,71,2935,Rupiah,Skimia,17810
483,Hephzibah Roach,Syrup - Kahlua Chocolate,84,2709,Yuan Renminbi,Quimm,44926
484,Jenna Dykins,Coffee - Espresso,68,1799,Lev,Livefish,27039
485,Kriste Coslitt,Pie Shell - 5,13,4457,Rupiah,Dynava,41353
486,Ermanno Ausher,Sweet Pea Sprouts,63,4887,Dong,Wikizz,15922
487,Tarah Whyatt,Muffin Mix - Raisin Bran,11,4735,Yen,Thoughtstorm,17516
488,Meridith Morgan,Wine - Fino Tio Pepe Gonzalez,49,4264,Yuan Renminbi,Skivee,29097
489,Menard Adamo,"Fish - Atlantic Salmon, Cold",40,3127,Yen,Buzzshare,35237
490,Moyna Eyre,Wine - Pinot Grigio Collavini,3,3149,Yuan Renminbi,Linklinks,48890
491,Westbrooke Antrobus,Ginger - Fresh,50,4500,Yuan Renminbi,Brainbox,49471
492,Ronnie Peert,Ecolab - Balanced Fusion,77,1546,Won,Gigaclub,20312
493,Lazarus Sonner,"Pasta - Cappellini, Dry",22,4534,Tenge,Tazzy,47390
494,Wilie Campany,Bamboo Shoots - Sliced,54,2464,Yuan Renminbi,Einti,34804
495,Hedy Gentery,Bar - Sweet And Salty Chocolate,44,3482,Yuan Renminbi,Livetube,23965
496,Coralyn Wagon,Lamb - Loin Chops,78,4557,Yuan Renminbi,Twimm,27727
497,Kare Yakunchikov,Capicola - Hot,81,3361,Peso,Leexo,21895
498,Artemis Flower,Cabbage Roll,41,3498,Yuan Renminbi,Buzzshare,27269
499,Dody Quincee,"Carrots - Mini, Stem On",98,3331,Peso,Babbleblab,48047
500,Klara Fearenside,Raisin - Golden,26,2583,Euro,Edgeify,33314
501,Gabriel Lepope,Mudslide,23,2990,Euro,Rhybox,41376
502,Odella Bolding,Sea Bass - Whole,34,3288,Ruble,Pixonyx,38963
503,Starlene Hendrickson,Piping Jelly - All Colours,53,4563,Yuan Renminbi,Brainbox,39164
504,Thatch Braisby,Sobe - Liz Blizz,62,3101,Dong,Bluejam,23201
505,Faye Dugall,Gatorade - Xfactor Berry,82,1608,Zloty,Eamia,29309
506,Cyrillus Gianelli,Sprouts - Peppercress,94,3152,Krona,Zava,18527
507,Vincents Lumly,Seabream Whole Farmed,89,2328,Real,Riffpedia,40909
508,Maynard Sydall,"Beef - Ground, Extra Lean, Fresh",16,4273,Tugrik,Quatz,30082
509,Hagen Vaney,Beef - Inside Round,65,1515,Dollar,Midel,21830
510,Kerwinn Klainer,"Chocolate - Milk, Callets",90,3780,Sol,Skinix,28335
511,Ilene Marlon,"Turkey - Whole, Fresh",35,3927,Yuan Renminbi,Eamia,17762
512,Daffi Ziems,"Pasta - Bauletti, Chicken White",72,3407,Som,Agivu,28121
513,Rhona Domek,Truffle - Whole Black Peeled,87,3811,Dinar,Eamia,15723
514,Madelon Scarlett,Honey - Comb,47,4228,Hryvnia,Topiczoom,49196
515,Anastasia Lewsie,Wine - Touraine Azay - Le - Rideau,21,2478,Dollar,Thoughtstorm,48634
516,Lucia Heads,Beef Dry Aged Tenderloin Aaa,75,4631,Hryvnia,Skimia,44332
517,Wayland Cubitt,Grapes - Red,66,3963,Yuan Renminbi,Vimbo,27596
518,Cristin Webby,Duck - Legs,30,1985,Krona,Gigazoom,35728
519,Goraud Durdy,Ice Cream - Turtles Stick Bar,46,3150,Real,Dazzlesphere,40867
520,Claus Ayers,Grapefruit - Pink,93,4402,Peso,Innojam,40097
521,Roslyn Faust,Jolt Cola - Red Eye,82,1525,Euro,Meedoo,37011
522,Franny Caress,Energy Drink - Franks Pineapple,61,2554,Peso,Jayo,18943
523,Viv McWaters,"Gingerale - Schweppes, 355 Ml",47,3514,Rupiah,Tazz,39644
524,Val Chattelaine,Paper Towel Touchless,44,2100,Euro,Ntags,32152
525,Pablo Shemilt,"Beef - Ground, Extra Lean, Fresh",63,4173,Escudo,Skinder,28895
526,Ban De Cristoforo,Squid Ink,10,3814,Ruble,Bubblebox,24963
527,Ingemar Itschakov,Wine - Prosecco Valdobienne,96,2726,Yuan Renminbi,Wikizz,47273
528,Bonnibelle Yakovitch,Mace Ground,100,3411,Yuan Renminbi,Dabfeed,30585
529,Sindee Rickards,Breadfruit,77,4291,Real,Jabbertype,25973
530,Francesca Phoenix,Mints - Striped Red,17,4965,Naira,Kaymbo,47335
531,Karel Leades,"Pepper - White, Whole",38,3317,Rupiah,Aivee,31882
532,Waverley Timby,Olives - Morracan Dired,34,4280,Peso,Blogspan,16448
533,Rennie Resdale,"Apple - Delicious, Red",30,3597,Leu,Gabspot,38393
534,Bella Halegarth,Cookies - Assorted,49,3870,Dollar,Ailane,31489
535,Elizabet Pernell,"Wine - White, Riesling, Semi - Dry",5,3828,Euro,Zazio,30819
536,Mattie Shilleto,Bread - Corn Muffaletta,93,1582,Euro,Blogtags,29522
537,Deonne Codd,Extract - Lemon,69,2315,Rupiah,Quimba,38264
538,Darsie Whanstall,Instant Coffee,65,1781,Franc,Livefish,31331
539,Thelma Hutchin,Lamb - Rack,93,3089,Euro,Avamba,39611
540,Christi Jenken,Hinge W Undercut,84,1877,Koruna,Layo,36847
541,Berny Babinski,Bar Special K,99,1859,Rupiah,Linktype,16130
542,Amby Picard,Wine - Champagne Brut Veuve,41,3732,Rupiah,Mydeo,29910
543,Fidelity Thrift,Oil - Safflower,32,2540,Krone,Voolith,24014
544,Alexandre Walkden,Melon - Honey Dew,79,2650,Yuan Renminbi,Trupe,38097
545,Sam London,Pasta - Fusili Tri - Coloured,46,3992,Krona,Vinder,47764
546,Robert McAirt,Wine - Cousino Macul Antiguas,52,3303,Rupiah,Thoughtbeat,23901
547,Aubrette Beazer,Eggs - Extra Large,57,2942,Real,Realbuzz,42855
548,Aron Mechi,Alize Red Passion,89,3859,Peso,Brainverse,31523
549,Marita Buttwell,Turkey - Ground. Lean,5,2578,Yuan Renminbi,Buzzshare,41247
550,Hadria Jacquemet,"Nut - Peanut, Roasted",8,2262,Yuan Renminbi,Photobug,44876
551,Bartholomeus Rudman,Onions - Green,43,2343,Sol,Eabox,49864
552,Burke Sheering,Cheese - St. Paulin,49,4778,Ruble,Skidoo,27612
553,Mal Handrek,Long Island Ice Tea,26,2028,Boliviano,Snaptags,36395
554,Brad Dreghorn,"Tendrils - Baby Pea, Organic",37,2265,Kuna,Trunyx,23061
555,Dulcy Minshall,"Wine - White, Cooking",33,4654,Kyat,Ooba,28071
556,Trish Giraudo,"Chicken - White Meat, No Tender",78,3896,Ruble,Feedspan,27361
557,Melita Sprulls,Lettuce - Belgian Endive,31,4100,Rupiah,Gigabox,21564
558,Morgan Van Giffen,Eggplant Oriental,89,2438,Euro,Feedbug,21112
559,Lucien Losel,"Turkey - Breast, Boneless Sk On",85,2404,Rupiah,Wikizz,30699
560,Arlette Sandiland,"Bread - Pumpernickle, Rounds",55,3795,Somoni,Dynabox,43481
561,Adelina Lampens,"Soup - Campbells, Chix Gumbo",50,2626,Yuan Renminbi,Edgeclub,17400
562,Ethelda Cottis,Cheese - Blue,98,3408,Peso,Mymm,19918
563,Wilfred Wethered,Grapes - Black,41,4159,Yuan Renminbi,Aibox,32422
564,Laurens Awmack,Fuji Apples,34,3912,Rupiah,Topdrive,39106
565,Osmond Rontsch,Melon - Honey Dew,46,3888,Afghani,Quimm,15238
566,Perri Kupper,Ice Cream Bar - Hagen Daz,84,4485,Real,Meevee,40394
567,Drake Risborough,Juice - Cranberry 284ml,21,2468,Euro,Jaxnation,17039
568,Carita Sterke,"Juice - Grapefruit, 341 Ml",57,4929,Yuan Renminbi,Blogspan,21264
569,Frayda Kuschke,"Wine - White, Pelee Island",96,2135,Dinar,Blogpad,28606
570,Guendolen Wressell,Cheese - Comte,39,3450,Colon,Minyx,38796
571,Clarissa Sprey,Watercress,60,1578,Ruble,Wordtune,26808
572,Farrell Lingley,Cheese - Parmesan Cubes,41,4654,Rupiah,Devpulse,25273
573,Georgeanna Jensen,Wine - Sawmill Creek Autumn,42,4266,Peso,Bubbletube,38969
574,Nessi Playhill,Tomatillo,91,4962,Euro,Dabshots,15255
575,Dru Gley,Cheese - Colby,81,3640,Euro,Tazz,21564
576,Sayer Samwaye,Chocolate Bar - Reese Pieces,50,1892,Rupee,Wikizz,24539
577,Rainer Thompstone,"Vinegar - Balsamic, White",63,2435,Krona,Wikizz,15929
578,Enrico Willgrass,Carrots - Mini Red Organic,67,2746,Koruna,Skinix,32190
579,Emyle Coppock.,Quinoa,15,2334,Euro,Topicstorm,34824
580,Kathryn Schreiner,"Wine - Red, Pinot Noir, Chateau",48,2127,Yuan Renminbi,Abata,27303
581,Siobhan Pirolini,Chinese Foods - Chicken,4,4821,Peso,Mynte,15487
582,Whittaker Durtnell,Snapple - Mango Maddness,29,4516,Euro,Babblestorm,27109
583,Roby Walthall,"Beans - Fava, Canned",21,3622,Hryvnia,Blogpad,19164
584,Ransom Mobberley,Bar Energy Chocchip,99,1980,Yuan Renminbi,Agimba,22683
585,Alana Blonden,Cherries - Fresh,83,2295,Peso,Yakijo,33098
586,Glyn Richardeau,Sage Ground Wiberg,9,3490,Yuan Renminbi,Eimbee,32997
587,Lian Parcall,Grand Marnier,71,2453,Ruble,Dablist,40700
588,Harriot Outlaw,Fiddlehead - Frozen,88,3089,Rial,Skaboo,42317
589,Currey Northbridge,Beer - Rickards Red,41,2417,Dollar,Browsecat,34172
590,Klaus Franks,Mayonnaise - Individual Pkg,63,3078,Peso,Oyonder,20248
591,Charmane Jordon,Chips - Assorted,22,3034,Rupiah,Bubbletube,45071
592,Caroline Storms,Wine - Barossa Valley Estate,18,4597,Ruble,Tagtune,35961
593,Amitie O'Kinedy,"Potatoes - Purple, Organic",64,1967,Yuan Renminbi,Jabberbean,16620
594,Jessi Letterese,Sansho Powder,27,4676,Rupee,Topicstorm,20673
595,Ikey Mussared,Tea - English Breakfast,59,1752,Real,Youopia,36590
596,Manny Luppitt,Whmis Spray Bottle Graduated,17,3353,Peso,Yakidoo,31785
597,Clare Ingleson,Sweet Pea Sprouts,56,4351,Dollar,Demizz,19632
598,Meggi Lakin,Napkin Colour,44,4927,Yuan Renminbi,Wikido,28986
599,Sasha Rabbitt,"Lamb - Loin, Trimmed, Boneless",45,2906,Rupiah,Kazio,45618
600,Dallis Brekonridge,Cinnamon Rolls,50,4967,Yuan Renminbi,Feedspan,49399
601,Jewel Brayshay,Onions - Spanish,94,4485,Yuan Renminbi,Agivu,33059
602,Newton Cahill,Lobster - Canned Premium,76,2919,Lek,Yamia,26017
603,Zorah Noor,Spinach - Packaged,83,4659,Ruble,Skippad,43562
604,Marianna Sarfat,Green Scrubbie Pad H.duty,83,4795,Dollar,Katz,47848
605,Arielle Allner,Macaroons - Two Bite Choc,36,4153,Cordoba,Trilith,45491
606,Pen Andreini,"Veal - Leg, Provimi - 50 Lb Max",91,3505,Zloty,Yakitri,20112
607,Erhart Morrish,Celery,21,3611,Real,Skalith,48497
608,Gray Lye,Apples - Spartan,61,2617,Rial,Trudeo,37708
609,Osborn Beglin,Chef Hat 25cm,69,2337,Peso,Rhyloo,27346
610,Helsa Americi,"Red Snapper - Fillet, Skin On",19,4055,Ruble,Rhyloo,27542
611,Verne Gatfield,Bread - Bistro Sour,7,2895,Ruble,Topicshots,37386
612,Marilin Secretan,Grapes - Red,37,2402,Euro,Realbridge,33449
613,Oralie Longbone,Tomato - Peeled Italian Canned,51,2916,Dollar,Dabjam,32236
614,Fern O'Donnell,Sugar - Icing,26,1561,Rupiah,Youtags,22855
615,Larisa Bartolomucci,Creme De Menthe Green,7,2422,Zloty,Omba,29071
616,Jorge Thrift,Clam - Cherrystone,14,3639,Euro,Wordware,17459
617,Allianora Sclater,Coffee Swiss Choc Almond,11,2905,Euro,Lazzy,24842
618,Polly Gaukrodge,Aspic - Amber,16,3490,Lek,Roomm,26073
619,Chester Filan,"Stock - Chicken, White",97,1564,Real,Youspan,46091
620,Abbye Sutherley,Pear - Packum,53,2786,Yuan Renminbi,Skidoo,45300
621,Claiborn Zuan,Coffee - Cafe Moreno,88,2865,Kyat,Agimba,46162
622,Lucky Counter,Bread Cranberry Foccacia,59,4872,Yen,Avamm,28942
623,Shauna Jime,Table Cloth 81x81 Colour,13,1888,Real,Skiba,18911
624,Garner Tourle,Bread - Pain Au Liat X12,96,4090,Rupiah,Kazu,26457
625,Constantina Thorn,Chips Potato All Dressed - 43g,82,4894,Yuan Renminbi,Fiveclub,36389
626,Corette Spadoni,"Wine - Mas Chicet Rose, Vintage",6,4523,Euro,Wordify,21002
627,Jan Lassells,"Wine - White, Ej Gallo",16,4738,Real,Lazzy,46384
628,Enriqueta Wemes,Island Oasis - Strawberry,35,2845,Dollar,Youopia,40723
629,Crin Emsden,Cheese - Comte,23,1630,Yuan Renminbi,Photobug,49996
630,Esmeralda Anan,"Iced Tea - Lemon, 460 Ml",18,2319,Ruble,Bubbletube,48691
631,Kelli Biskupiak,Extract - Raspberry,34,3972,Euro,Feedbug,44013
632,Alic Wadeson,Nougat - Paste / Cream,82,4870,Ringgit,Fatz,48308
633,Colline Duiguid,Appetizer - Chicken Satay,24,2888,Rupiah,Oyope,23634
634,Darya Cosens,Beef Striploin Aaa,45,3973,Real,Pixoboo,36027
635,Dode Sirmon,Veal - Inside,13,4694,Real,Quaxo,22542
636,Lavinie Stannett,Nori Sea Weed - Gold Label,24,3644,Ruble,Wikizz,18017
637,Gaylord Troppmann,"Shrimp - 16/20, Peeled Deviened",46,3266,Yuan Renminbi,Vidoo,37055
638,Gordy Mebius,Squid - U 5,47,1829,Yuan Renminbi,Meevee,24144
639,Merrel Bolstridge,Vinegar - Raspberry,47,2624,Yuan Renminbi,Edgepulse,27306
640,Robby Echelle,Wine - Barolo Fontanafredda,35,3811,Yuan Renminbi,Tagfeed,17052
641,Ivett Pandya,Guinea Fowl,7,2590,Shekel,Centidel,39660
642,Tab Twiddell,Pastry - French Mini Assorted,4,1613,Rupiah,Tambee,47242
643,Killian Franklin,Sauce - Caesar Dressing,14,3537,Peso,Jayo,40404
644,Stacey McCarroll,Crab - Meat Combo,91,2673,Euro,Oyoloo,20191
645,Niccolo Oldcote,Water - Tonic,44,2629,Euro,Trudoo,30638
646,Delilah Cromb,V8 Splash Strawberry Banana,66,1704,Yuan Renminbi,Vinder,20283
647,Boigie Vynall,Pastry - Choclate Baked,61,4043,Yuan Renminbi,Devshare,24965
648,Hillel Salters,Cup - Paper 10oz 92959,14,2515,Hryvnia,Viva,35394
649,Reynolds Hebdon,Dr. Pepper - 355ml,29,4307,Sol,Eamia,37799
650,Tuck Anselm,Onion Powder,44,3878,Rupiah,Bubblemix,17536
651,Muhammad Saffin,Paper Cocktail Umberlla 80 - 180,85,4955,Balboa,Babbleblab,42795
652,Garvy Antony,"Ham - Smoked, Bone - In",27,3109,Rupiah,Twitternation,48000
653,Donielle Hestrop,Cookies Almond Hazelnut,23,4023,Rupiah,Jamia,46238
654,Stern Steabler,Gatorade - Xfactor Berry,7,1834,Sol,Mycat,33356
655,Halette Thundercliffe,Chips Potato Swt Chilli Sour,88,2177,Krone,Vitz,29106
656,Findlay Sidebotham,Wine - Rosso Del Veronese Igt,51,2092,Rupiah,Meetz,22956
657,Alleyn Brooksby,Icecream - Dstk Super Cone,35,4118,Euro,Quinu,47074
658,Quentin Meaddowcroft,"Dill - Primerba, Paste",77,2221,Bolivar,Devbug,44482
659,Estelle Dovydenas,"Turkey - Whole, Fresh",9,2427,Gourde,Mybuzz,41767
660,Garvey Scripture,"Mushrooms - Black, Dried",15,3603,Ruble,Fiveclub,18463
661,Julina Nornable,Flour - Whole Wheat,68,4865,Rupiah,Kanoodle,44634
662,Bridgette Vaughton,Hagen Daza - Dk Choocolate,81,2768,Yuan Renminbi,Abatz,22666
663,Eugenie Rudyard,"Iced Tea - Lemon, 340ml",7,4534,Sol,Skivee,19497
664,Viki Pinchin,Appetizer - Escargot Puff,100,2906,Peso,Zoovu,37216
665,Cassandra Sales,Lamb Leg - Bone - In Nz,90,2966,Yen,Bubbletube,24699
666,Randolph MacRory,Pastry - Chocolate Marble Tea,61,1816,Peso,Agivu,18462
667,Sashenka Deverille,Onions - Vidalia,19,4848,Peso,Gabtune,34761
668,Cullie Caig,Grapefruit - Pink,38,3106,Yuan Renminbi,Zooveo,19682
669,Karel Edmeades,Mayonnaise,24,3596,Yuan Renminbi,Flashdog,20086
670,Sid Chaddock,Wine - George Duboeuf Rose,79,2294,Krona,Dabjam,23366
671,Selma Reubens,"Pasta - Bauletti, Chicken White",46,2306,Lek,Ozu,21481
672,Rhodia Vaudre,Steampan - Foil,14,1658,Euro,Lajo,38337
673,Bevon Cudbertson,"Pork - Tenderloin, Fresh",8,2497,Peso,Latz,36434
674,Vittoria Gecks,"C - Plus, Orange",8,3138,Euro,Devshare,18742
675,Waldemar Sineath,Absolut Citron,26,3591,Bolivar,Podcat,20417
676,Gwyn Crone,Wine - Vidal Icewine Magnotta,25,4802,Euro,Topicshots,22186
677,Ainsley Marrison,Ginger - Fresh,97,2194,Yuan Renminbi,Eare,25836
678,Ingrid Doogan,Grouper - Fresh,36,3540,Rupiah,Gigaclub,20469
679,Bartolomeo Garden,Shrimp - Black Tiger 6 - 8,79,4335,Manat,Browsebug,47338
680,Emery Brunnstein,Glaze - Clear,58,2621,Yuan Renminbi,Jabbercube,37885
681,Donall Royan,Veal - Leg,90,2233,Yuan Renminbi,Roomm,40960
682,Adan McGibbon,"Appetizer - Mini Egg Roll, Shrimp",21,3185,Rupiah,Browsezoom,16127
683,Blair Grellier,Sauce - Caesar Dressing,74,4758,Peso,Yakitri,41941
684,Carny Mayo,"Tart Shells - Barquettes, Savory",48,3406,Rupiah,Zoomzone,17554
685,Christine Anfonsi,Five Alive Citrus,88,4990,Yuan Renminbi,Wikizz,17788
686,Gallard Sarath,Rabbit - Whole,75,2708,Zloty,Rhyloo,23234
687,Everard Tripney,Cherries - Fresh,66,1596,Euro,Innotype,30945
688,Jarret Franciskiewicz,Soup Campbells,85,2398,Euro,Aimbu,37738
689,Mathilde Trevaskiss,Langers - Ruby Red Grapfruit,78,4229,Yuan Renminbi,Vinte,30717
690,Jessy Grishanin,Sour Puss Sour Apple,5,4730,Dinar,Photobug,36780
691,Danice Quene,"Lemonade - Strawberry, 591 Ml",11,4690,Yuan Renminbi,Dabfeed,48824
692,Thurston Peel,Silicone Paper 16.5x24,51,3249,Krone,Lajo,33239
693,Geralda Hulstrom,Wine - Prem Select Charddonany,33,3212,Bolivar,Yodoo,16540
694,Valina Harrowsmith,Table Cloth 54x54 Colour,94,3295,Manat,Fanoodle,28452
695,Dione Baggelley,"Ranchero - Primerba, Paste",71,3093,Euro,Voonder,45287
696,Harry Gregore,Ice Cream - Fudge Bars,44,4126,Euro,Nlounge,46546
697,Genovera Abbatini,Snapple - Iced Tea Peach,52,4742,Rial,Cogidoo,35540
698,Ward Cheltnam,Rice Paper,97,2535,Euro,Twiyo,35881
699,Donia Cheverton,"Nut - Chestnuts, Whole",10,1731,Yuan Renminbi,Meemm,27377
700,Jeri McCracken,Bananas,73,3724,Yuan Renminbi,Dabshots,28235
701,Elliot Giovannardi,"Liners - Banana, Paper",46,4806,Euro,Devpoint,41531
702,Agace Jeram,Longos - Chicken Caeser Salad,20,1904,Rupiah,Minyx,42476
703,Llywellyn Janikowski,Curry Powder Madras,93,4850,Euro,Quaxo,49337
704,Kiele Grafton,Red Cod Fillets - 225g,84,4223,Kyat,Yabox,17295
705,Nance Gallehawk,Wine - Alsace Riesling Reserve,90,4070,Dollar,Dynazzy,44184
706,Caresa Hance,"Tart Shells - Sweet, 2",68,3835,Peso,Kazio,39750
707,Ware Berndtssen,Onion - Dried,98,4638,Yuan Renminbi,Roombo,23893
708,Muriel Gooderham,Danishes - Mini Raspberry,6,2111,Rial,Avavee,45064
709,Amalee Dugood,V8 - Vegetable Cocktail,95,2409,Zloty,Dynazzy,37964
710,Bobette Cords,Raspberries - Fresh,39,1978,Zloty,Blognation,15800
711,Grace Galfour,Nantucket - Pomegranate Pear,74,1756,Dollar,Edgeblab,32699
712,Madeleine Dolling,Cheese - Gouda,28,1921,Koruna,Katz,22083
713,Osgood Crosfeld,"Stock - Veal, White",66,4786,Euro,Oodoo,18083
714,Clevey Chellam,Tea Peppermint,9,1744,Ruble,Vitz,46522
715,Lillis Tomashov,Fork - Plastic,74,3543,Yuan Renminbi,Avavee,30480
716,Marita Trahearn,Wine - Manischewitz Concord,77,3551,Yuan Renminbi,Voonyx,26078
717,Bjorn Brimblecombe,Pear - Prickly,89,4437,Pound,Centimia,29625
718,Evey Walkden,Potatoes - Fingerling 4 Oz,92,3515,Yuan Renminbi,Oba,15333
719,Thorvald Croxford,Rootbeer,28,4009,Koruna,Tagcat,45034
720,Osborn Leupoldt,Wiberg Super Cure,55,2636,Euro,Centimia,45071
721,Sher Gaffey,Rice - Wild,78,3839,Peso,Leenti,32740
722,Nanon Brede,"Lamb - Racks, Frenched",59,4981,Yuan Renminbi,Wikibox,38797
723,Stormie Engelmann,Pepper - Pablano,25,3724,Euro,Eabox,43175
724,Ted Aird,"Split Peas - Green, Dry",34,3380,Euro,Mymm,30904
725,Rosalind Camm,Beer - Heinekin,47,3633,Zloty,Babblestorm,32356
726,Darill Winmill,Water - San Pellegrino,99,3945,Yuan Renminbi,Skilith,27007
727,Jena Stadding,Radish,84,2661,Real,Babblestorm,40202
728,Ty Ivanyushkin,Wine - Penfolds Koonuga Hill,35,1540,Colon,Bluezoom,49259
729,Rickie Atkirk,Cheese - Oka,10,1509,Rupiah,Wordify,35946
730,Shayna Spoure,Chicken - Base,93,2939,Zloty,Wikibox,43430
731,Gregorius Phinn,Fondant - Icing,23,4671,Hryvnia,Skibox,15001
732,Palmer Czadla,Truffle Cups - Brown,6,3009,Rial,Janyx,33875
733,Amil Shattock,Sage - Fresh,66,4111,Euro,Buzzster,16999
734,Cory Lorkin,"Pasta - Fusili, Dry",28,4217,Peso,Eire,25909
735,Karine Pears,Rabbit - Frozen,88,3120,Koruna,Yodo,31737
736,Jeniece Terzi,Wine - Rosso Toscano Igt,11,2392,Pound,Dabshots,45548
737,Iain MacCome,Muffins - Assorted,16,4245,Real,Twimm,36356
738,Lilla Barnewelle,Fennel,17,3515,Rupiah,Zoovu,35018
739,Dinnie Turbern,"Tomatoes - Diced, Canned",49,4491,Euro,Quimm,17382
740,Mirilla Lumsden,Lid - 16 Oz And 32 Oz,46,4481,Yuan Renminbi,Linktype,18957
741,Elbertina Larkins,Appetizer - Cheese Bites,6,1563,Euro,Aibox,18939
742,Daisey de Voiels,Scallops - U - 10,86,1770,Zloty,Gigazoom,47395
743,Bernadette Anstey,"Liqueur Banana, Ramazzotti",50,2540,Euro,Twimm,43421
744,Joceline Heinsius,Steampan Lid,86,3230,Dollar,Gigazoom,48161
745,Walsh Donan,Vinegar - White,64,1819,Euro,Linklinks,36993
746,Raoul Gwyther,Cheese Cloth No 60,26,2380,Rupiah,Bluejam,16257
747,Cori Woakes,Tea - Herbal Sweet Dreams,17,3594,Hryvnia,Wordpedia,36265
748,Jacquelyn Cicerone,Pastry - Banana Muffin - Mini,3,3383,Real,Shufflebeat,18858
749,Leena Blackaby,Sorrel - Fresh,96,4834,Peso,Edgeify,19783
750,Ilyse Matthesius,Bread - Raisin Walnut Oval,89,1590,Yuan Renminbi,Wordpedia,41582
751,Noam Dysart,Wine - Charddonnay Errazuriz,19,1556,Rupiah,Jaxnation,44856
752,Melantha Mainland,Veal - Ground,16,2089,Ruble,Realbuzz,47562
753,Vito Fourcade,Tea - Herbal Orange Spice,33,4231,Balboa,Quaxo,15070
754,Melicent Roger,"Tomatoes - Plum, Canned",42,4098,Yuan Renminbi,Livefish,22002
755,Blaine Siddall,Tray - 16in Rnd Blk,95,4306,Yuan Renminbi,Bubblemix,41093
756,Ingrid Castanie,Bananas,87,4801,Quetzal,Skiba,45985
757,Theo Steadman,Edible Flower - Mixed,67,2119,Peso,Tagtune,27287
758,Ulberto Houlridge,Milk 2% 500 Ml,20,2556,Ruble,Aimbu,32773
759,Colette Cliffe,Honey - Lavender,83,2911,Peso,Feedspan,40100
760,Leah Burnes,Food Colouring - Pink,66,3021,Shilling,Devpoint,22832
761,Kesley Well,"Beef - Rouladin, Sliced",67,2130,Real,Rhybox,18751
762,Rubia Simkiss,Tequila Rose Cream Liquor,56,3123,Ruble,Centidel,37304
763,Nadeen O'Hearn,Table Cloth 81x81 Colour,61,1704,Peso,Jetwire,47082
764,Lainey Cuckson,Towel Dispenser,81,4605,Dong,Thoughtsphere,39563
765,Lorettalorna Touhig,Bread Cranberry Foccacia,62,3244,Krona,Skajo,28171
766,Sylvester McNeice,Allspice - Jamaican,87,4484,Forint,Bluejam,23056
767,Merrie Checcucci,Coffee - Flavoured,88,3483,Hryvnia,Realpoint,29677
768,Dagmar De Ambrosi,Sugar - White Packet,44,2541,Ruble,Kazio,47256
769,Eda Gibbe,"Wine - Red, Cabernet Merlot",79,2129,Dinar,Buzzster,38144
770,Carling Merington,The Pop Shoppe - Cream Soda,94,1726,Peso,Flipopia,48547
771,Welsh Francke,Containter - 3oz Microwave Rect.,50,1943,Krona,Gigaclub,31683
772,Kerstin Beardshall,Mousse - Passion Fruit,27,3294,Yuan Renminbi,Centimia,22594
773,Brade Gruszecki,Wine - Savigny - Les - Beaune,100,1897,Dong,Yoveo,33426
774,Kittie Clouston,Wine - Alicanca Vinho Verde,78,2486,Peso,Dabshots,48543
775,Marijn Bedwell,Tomatoes - Yellow Hot House,95,3595,Yuan Renminbi,Twiyo,33779
776,Morgana Rive,Wine - Fontanafredda Barolo,23,2797,Franc,Babbleset,41847
777,Tito Bonhome,Blueberries,77,4751,Rupiah,Mybuzz,23433
778,Gawen Feary,Sauce - Hollandaise,56,3636,Dinar,Kwimbee,16846
779,Parrnell Lidyard,Lettuce - Romaine,94,3260,Rupiah,Meevee,43288
780,Hilda Spofforth,Crush - Cream Soda,39,1625,Rupiah,Riffwire,16491
781,Jarret Kilmurry,Syrup - Kahlua Chocolate,47,3307,Yuan Renminbi,Skidoo,23499
782,Lilllie Cheasman,Lettuce - Curly Endive,87,2804,Rupiah,Buzzshare,19353
783,Maury Swallwell,Crackers - Water,6,3532,Rupiah,Feednation,16897
784,Marci Yurivtsev,Evaporated Milk - Skim,49,3770,Euro,Jaxnation,26046
785,Connor Patershall,"Vodka - Hot, Lnferno",16,3982,Rupiah,LiveZ,22765
786,Erin Leyzell,Rice - Jasmine Sented,31,3429,Yuan Renminbi,Yakidoo,43671
787,De witt Sprules,Cake - Mini Potato Pancake,99,3623,Tenge,Devify,38190
788,Herb Marquess,"Soup - Cream Of Broccoli, Dry",61,2843,Rupiah,Jatri,37961
789,Nathaniel Mohun,"Mushroom - Shitake, Fresh",71,3099,Dollar,Lazz,15134
790,Theodoric Emblow,"Veal - Shank, Pieces",59,4783,Real,Bubblebox,24776
791,Eada Steers,Molasses - Fancy,67,2917,Lev,Realblab,26387
792,Alica Ryrie,"Cake Circle, Paprus",78,2174,Zloty,Twitterlist,26653
793,Daveen Esslement,"Pasta - Spaghetti, Dry",10,2974,Franc,Jaloo,36369
794,Maggy Haselhurst,Lid - 0090 Clear,41,4357,Yuan Renminbi,Skynoodle,29331
795,Feodor Prettyman,Bar Bran Honey Nut,42,2575,Rupiah,Camido,42985
796,Marrilee Gidney,Berry Brulee,87,4646,Yuan Renminbi,Vinte,16809
797,Kristopher Coie,Cod - Fillets,9,1765,Rupiah,Oba,43836
798,Aila Koppe,Longan,8,4271,Rupee,Fadeo,24711
799,Esra Murrthum,"Beans - Black Bean, Dry",67,2046,Yuan Renminbi,Brightbean,19676
800,Van Tugman,"Salmon - Atlantic, Fresh, Whole",12,4371,Yuan Renminbi,Ainyx,48362
801,Janis Lerohan,Sprouts - Baby Pea Tendrils,8,4245,Yuan Renminbi,Wikido,41062
802,Arlan Dobrovolny,Bagel - Sesame Seed Presliced,80,1674,Rupiah,Jaxworks,46534
803,Rudolfo Creswell,Soup - Tomato Mush. Florentine,19,4462,Naira,Skynoodle,27429
804,Elbertine Tabord,Yukon Jack,20,1994,Dollar,Meevee,47240
805,Almira Siggery,Coffee - Espresso,46,1771,Rupiah,Jayo,17204
806,Louisa Bohlje,Goldschalger,50,2314,Sol,Voonte,46338
807,Karry Nutbeam,Oil - Hazelnut,11,1874,Dollar,Tavu,26494
808,Krysta Simla,Whmis - Spray Bottle Trigger,8,3762,Euro,Zoovu,38530
809,Niccolo Fellenor,Beef - Tenderloin Tails,93,4401,Ruble,Flashset,42730
810,Luke Daintier,Bread - Bistro Sour,72,2804,Ruble,JumpXS,21848
811,Elizabet McCloy,Truffle Cups - Red,65,3538,Rupiah,Blogspan,28545
812,Kizzee Gribben,Orange - Blood,89,3030,Euro,Roomm,42517
813,Devan Digwood,Tamarind Paste,99,3156,Kuna,Zoonoodle,29017
814,Merrel Sherrell,Oil - Sunflower,67,2917,Rupiah,Yacero,33293
815,Auberon Patrone,Spice - Chili Powder Mexican,35,4203,Peso,Ntags,27518
816,Bertrando Mourton,Sun - Dried Tomatoes,30,2673,Yuan Renminbi,Thoughtsphere,40395
817,Rubin Bavage,Veal - Knuckle,3,2022,Krona,Rooxo,27990
818,Lenore Kembrey,Lighter - Bbq,7,2908,Yuan Renminbi,Ailane,29434
819,Cecilio Farans,Sprite - 355 Ml,5,4095,Escudo,Eazzy,48492
820,Bonni Fronzek,Pickerel - Fillets,40,3289,Yuan Renminbi,Twitternation,27272
821,Chrystel Panchin,Saskatoon Berries - Frozen,67,2863,Peso,Rhynoodle,15062
822,Kristofer Lowmass,Jameson - Irish Whiskey,83,3163,Peso,Jabbercube,27050
823,Filmore Heam,French Kiss Vanilla,11,4962,Rupiah,Dabvine,18026
824,Whittaker Emson,Ecolab Digiclean Mild Fm,85,3290,Krona,Kare,42864
825,Chen Dudek,"Bag - Bread, White, Plain",22,2217,Peso,Eadel,16734
826,Tam Farish,Muffin Mix - Raisin Bran,63,2856,Yuan Renminbi,Fadeo,48680
827,Faina Drover,Tea - Grapefruit Green Tea,79,1550,Peso,Topicstorm,39906
828,Nannie Hamly,Sauce - Demi Glace,23,3347,Peso,Kazu,34817
829,Lorrie Feilden,Lotus Leaves,47,4529,Dollar,Demimbu,28488
830,Holly Becerro,Spice - Greek 1 Step,12,3402,Yuan Renminbi,Flashdog,44145
831,Haslett Osselton,Gelatine Leaves - Envelopes,42,3345,Peso,Edgeify,20582
832,Adelind Benediktovich,Miso - Soy Bean Paste,55,3268,Euro,Devshare,30853
833,Ignacius Nayer,Bonito Flakes - Toku Katsuo,18,3959,Euro,Muxo,47535
834,Ursala Figurski,Piping - Bags Quizna,50,1645,Dollar,Kazio,27227
835,Pat Skelly,Bacardi Mojito,51,2447,Dinar,Skibox,20735
836,Morley Dwane,Toamtoes 6x7 Select,83,3984,Rupiah,Oloo,28555
837,Miguel Aicken,Squash - Guords,54,4780,Ruble,Wikivu,16055
838,Ceil Kassel,"Cheese - Brie, Triple Creme",78,1530,Euro,Topiczoom,49416
839,Arlen Brownsworth,Dc - Sakura Fu,9,1516,Yuan Renminbi,Livefish,49533
840,Charlene Karran,Burger Veggie,73,2516,Tugrik,Trunyx,16262
841,Otto Aarons,Artichokes - Jerusalem,76,4993,Euro,Zoombox,47953
842,Karole Patters,Steel Wool,76,4482,Yuan Renminbi,Cogilith,23476
843,Cosetta Midner,"Pepper - Black, Ground",94,4580,Bolivar,Twitternation,41292
844,Tammi Balderstone,"Rum - Cream, Amarula",13,3646,Yen,Layo,32578
845,Franklin Agget,Tomatillo,82,4970,Ruble,Twimm,30850
846,Kendrick Brabbs,"Soup - Beef, Base Mix",43,2555,Real,Tanoodle,33139
847,Kellen Reuss,Longos - Grilled Chicken With,25,2210,Yuan Renminbi,Eadel,30836
848,Brocky Gilchrist,Eggplant Oriental,84,4654,Peso,Gigashots,18094
849,Bonnee Zottoli,"Soup - Cream Of Broccoli, Dry",34,3137,Dollar,Thoughtstorm,27867
850,Marnia Bows,Chips Potato Swt Chilli Sour,16,2703,Rupiah,Minyx,21741
851,Homere Boarer,Juice - Orange,36,4483,Hryvnia,Flipstorm,44567
852,Beatrice Roubeix,"Garlic - Primerba, Paste",24,4850,Euro,Youtags,42275
853,Nicol Deeks,Cleaner - Pine Sol,10,2708,Dollar,Trudoo,25236
854,Fleming Balloch,Wine - Fino Tio Pepe Gonzalez,8,4871,Rupiah,Lajo,48814
855,Tim Kochel,Thyme - Fresh,98,2191,Yuan Renminbi,Camimbo,29678
856,Kendell Gannicott,Smoked Paprika,62,2344,Zloty,Rhybox,31634
857,Ilse Barkus,Pheasants - Whole,32,4713,Sol,Rhynoodle,37046
858,Edith Toms,Cauliflower,20,3188,Yuan Renminbi,Avamba,44986
859,Naoma Fleming,Juice - Orange 1.89l,36,2601,Rupiah,Myworks,36010
860,Andres Benoey,Spice - Peppercorn Melange,12,1758,Birr,Photobug,21999
861,Iosep Glancey,Cake - Cake Sheet Macaroon,59,3335,Dram,Rhynoodle,19247
862,Halimeda Reichelt,"Pail - 4l White, With Handle",17,4069,Euro,Meembee,21659
863,Sharity Gullick,Bread - Italian Sesame Poly,86,4211,Euro,Dabshots,24294
864,Luelle Tinn,Butter Balls Salted,59,2852,Peso,Midel,35218
865,Tasha Scaplehorn,Cardamon Ground,36,2001,Zloty,Talane,45441
866,Danie Chesterfield,Mace Ground,71,2629,Shilling,Shufflester,22635
867,Debbie Olivie,Chips - Doritos,71,3476,Euro,Mybuzz,41284
868,Ulric Feldstein,Spaghetti Squash,64,3433,Peso,Skivee,30125
869,Axel Orth,Cardamon Ground,51,2140,Koruna,Bubblemix,16378
870,Paulette Evanson,Water - Green Tea Refresher,13,4612,Yuan Renminbi,Edgeify,25358
871,Titus Winterflood,Pastry - Butterscotch Baked,36,3589,Sol,Brainsphere,34830
872,Barnebas McMeyler,Thyme - Fresh,73,4497,Rupiah,Einti,22967
873,Ninnette Carden,Parasol Pick Stir Stick,53,3803,Hryvnia,Cogibox,42576
874,Willette Rosita,Cheese - Pied De Vents,36,2440,Yuan Renminbi,Photobug,18758
875,Carin Klasen,Veal - Provimi Inside,48,2553,Yen,Tanoodle,22316
876,Aloysia Blinman,"Leeks - Baby, White",84,2053,Euro,Babbleblab,43739
877,Chiquita Corss,"Marjoram - Dried, Rubbed",77,4351,Hryvnia,Katz,22492
878,Oneida Topling,"Quail - Eggs, Fresh",32,3996,Ruble,Oodoo,16476
879,Albertina Shere,"Loaf Pan - 2 Lb, Foil",33,2027,Euro,Fadeo,49454
880,Mariann Byles,Gatorade - Fruit Punch,11,2128,Ruble,Oyoloo,20218
881,Reider Rispine,Wine - Ruffino Chianti,80,4373,Yuan Renminbi,Plambee,26533
882,Gipsy Dealy,Lotus Root,62,2940,Kuna,Jabbertype,41077
883,Elsinore MacLoughlin,Wine - Black Tower Qr,78,4467,Euro,Devcast,17047
884,Halette Blamey,Baking Powder,67,3687,Ruble,Skimia,45557
885,Charmaine Nyssen,Tea - Lemon Green Tea,91,2011,Dinar,Rhynyx,19002
886,Jayme Ackerman,Pastry - Mini French Pastries,14,3296,Dram,Ainyx,37549
887,Fran Yusupov,Wine - Gato Negro Cabernet,72,2708,Ruble,Fadeo,37283
888,Judi Thirlwall,Cauliflower,52,3792,Rupiah,Skajo,20585
889,Deanne Lacknor,Creme De Menthe Green,75,3955,Yuan Renminbi,Quinu,37101
890,Madeleine Waliszek,Coffee - Decaffeinato Coffee,51,2217,Rupiah,Mymm,40660
891,Kathye Semeradova,Wine - Red Oakridge Merlot,75,3051,Dram,Twitterbeat,29192
892,Geoffry Baxill,Pork - Sausage Casing,44,2542,Peso,Fivechat,41103
893,Fitz Akhurst,Savory,27,2378,Euro,Flashspan,41951
894,Pearle Jeayes,Pork Salted Bellies,51,4366,Yuan Renminbi,Jaxnation,27458
895,Edyth Harkess,Eggplant Italian,42,4310,Rupiah,Divanoodle,20233
896,Khalil Stockton,French Pastry - Mini Chocolate,26,2542,Rial,Shuffledrive,21970
897,Barbabas Saice,Initation Crab Meat,2,2134,Yuan Renminbi,Gigazoom,48604
898,Aeriel Happert,"Rum - Cream, Amarula",26,4142,Yuan Renminbi,Vinder,31104
899,Dareen Keynd,Beer - True North Lager,44,4603,Rupiah,Jatri,44510
900,Elene Hutchinson,Broom Handle,99,3625,Real,Layo,40152
901,Judah Bartosek,Wine - Ruffino Chianti,35,4667,Baht,Oyoyo,26207
902,Elianora Mabbot,Coffee - Flavoured,38,2137,Yuan Renminbi,Twitterlist,28744
903,Tracy Calder,Breadfruit,41,3182,Bolivar,Oozz,18494
904,Fransisco Dewdney,Pasta - Fusili Tri - Coloured,40,2320,Sol,Jayo,28575
905,Nanete Ashenhurst,Sprouts - Baby Pea Tendrils,21,4763,Yuan Renminbi,Yata,41566
906,Noemi Berns,Fond - Neutral,19,2835,Euro,Talane,48807
907,Tarra Noir,Bread Crumbs - Panko,19,3670,Ruble,Camido,31201
908,Woodie Dufoure,Yogurt - Assorted Pack,55,4365,Euro,Fliptune,26512
909,Fair Taffurelli,Shrimp - Black Tiger 13/15,17,2481,Real,Rhyzio,21071
910,Nikolos MacGiany,Scallops - Live In Shell,83,4248,Yuan Renminbi,Meembee,45727
911,Violante Snowding,Pastry - Key Limepoppy Seed Tea,33,3811,Koruna,Brainverse,20569
912,Tabor Aitchinson,Sping Loaded Cup Dispenser,83,4359,Rupiah,Leenti,32856
913,Malynda Jarrad,Carbonated Water - Cherry,4,3582,Pound,Babbleopia,22020
914,Brunhilda Blackburn,Beer - Mcauslan Apricot,85,2402,Euro,Bubblemix,17543
915,Brett Gouldbourn,Pie Shell - 9,77,4883,Real,Ooba,21007
916,Luciana Yakushkev,Guinea Fowl,6,4448,Afghani,Realblab,48745
917,Marthena Mahoney,Bread - Rye,69,2996,Baht,Devshare,37673
918,Alard Gingold,Daves Island Stinger,57,2598,Yuan Renminbi,LiveZ,37344
919,Keri Taye,Wine - Lamancha Do Crianza,78,2630,Yuan Renminbi,Oloo,20581
920,Octavius Caulier,Pastry - Raisin Muffin - Mini,75,1773,Franc,Meetz,32663
921,Lanna Speechley,"Pail - 4l White, With Handle",30,3333,Leone,Gabvine,28693
922,Paulina Wentworth,Plate Foam Laminated 9in Blk,56,2673,Som,Jaxspan,17621
923,Staffard Lacase,Lemon Balm - Fresh,13,3100,Yen,Livetube,19901
924,Orlan Cappell,"Soup - Beef Conomme, Dry",90,4476,Ruble,Avaveo,22581
925,Arnaldo Tithecott,Wiberg Cure,51,4091,Ruble,Oyoloo,25319
926,Audre Jevon,"Zucchini - Mini, Green",57,3363,Rupiah,Buzzbean,36925
927,Northrup Aarons,Buttons,93,2278,Ruble,Yozio,32467
928,Finlay Eland,Kumquat,45,2461,Ruble,Jazzy,28447
929,Avrit Wabey,Turkey Leg With Drum And Thigh,16,1912,Yuan Renminbi,Fivechat,34594
930,Chrisy Brownscombe,Shrimp - Tiger 21/25,78,2546,Rupiah,Livetube,21333
931,Adria Gellier,"Red Snapper - Fresh, Whole",60,2045,Peso,Mydo,23061
932,Ettore Merwood,Dried Apple,22,3647,Dollar,Cogibox,37879
933,Theodor Pobjay,"Halibut - Whole, Fresh",19,1635,Tenge,Zoovu,25139
934,Ebenezer Larver,Lychee - Canned,91,2461,Dollar,Plajo,21684
935,Roshelle Duchan,Sole - Iqf,90,4167,Baht,Realcube,40332
936,Evelin Braid,Tea Peppermint,47,2669,Dollar,Kazio,35894
937,Robers Paridge,Aspic - Clear,86,2642,Ruble,Dabvine,16460
938,Korry McAdam,Chef Hat 20cm,12,1780,Dinar,Mynte,15245
939,Jocelyn Whitney,Lettuce - Romaine,14,2802,Peso,Kwimbee,20618
940,Sissy Shinner,Muffin Mix - Morning Glory,96,2626,Yuan Renminbi,Mydo,32623
941,Merrick Pogue,Compound - Strawberry,95,2289,Rupiah,Jabbersphere,27846
942,Nanine Airdrie,Bread Ww Cluster,34,2730,Rupee,Chatterbridge,39326
943,Dag Keith,Soup Campbells,93,2548,Peso,Layo,41440
944,Hermina Beddon,"Vermouth - White, Cinzano",36,2055,Denar,Izio,47991
945,Remus Knowles,Gherkin,97,3890,Euro,Rhynyx,35809
946,Tabitha Greenalf,Yoplait Drink,29,2374,Yuan Renminbi,Trilith,35478
947,Angeli Scoon,Mace,53,4692,Krona,Jamia,23961
948,Estella Matusov,Salt - Kosher,3,4871,Yen,Podcat,24682
949,Matias Lethbrig,Molasses - Fancy,50,3154,Baht,Dazzlesphere,47279
950,Stinky Tidridge,Mousse - Mango,80,2365,Won,Thoughtworks,44054
951,Julia Carragher,"Lamb - Pieces, Diced",2,4440,Ruble,Devpulse,39503
952,Kaine Clyde,Vinegar - Champagne,30,1828,Lilangeni,Zoomlounge,18531
953,Kristoforo Shevell,Chinese Lemon Pork,31,4289,Franc,Livetube,41273
954,Teddie Drought,Bread - Multigrain Oval,38,1925,Dollar,Yacero,36346
955,Esdras Leech,"Soup - Campbells, Chix Gumbo",67,2006,Peso,Blogtags,17370
956,Locke Black,Mustard - Pommery,9,4885,Baht,Thoughtmix,24486
957,Leland McRobb,Longos - Grilled Chicken With,17,2074,Ruble,Realbridge,22780
958,Kaylyn Eisak,Bag - Clear 7 Lb,96,1716,Hryvnia,Meemm,31349
959,Kenyon Girardoni,"Pork - Back, Short Cut, Boneless",36,1558,Dollar,DabZ,29873
960,Giffer Doubleday,French Kiss Vanilla,56,3778,Peso,Tagtune,23273
961,Edithe Grabb,"Oregano - Dry, Rubbed",62,2856,Hryvnia,Twitterbeat,49487
962,Katharina Major,Carbonated Water - Raspberry,37,3705,Yuan Renminbi,Meedoo,26756
963,Brion Lucy,Wild Boar - Tenderloin,99,4638,Yuan Renminbi,Photolist,21102
964,Artemis Consterdine,Soup Bowl Clear 8oz92008,5,2779,Dollar,Photojam,25575
965,Elset Wrightam,Cheese - Le Cheve Noir,19,2283,Dram,Kare,27597
966,Nettle Franzen,Pepper - Orange,85,4813,Ringgit,Ntags,27840
967,Orbadiah Crowcombe,Trueblue - Blueberry 12x473ml,65,2303,Pound,Brainlounge,25824
968,Sholom Mallinder,Lettuce - Boston Bib,15,2121,Krona,Devshare,45443
969,Berkie Yate,Basil - Pesto Sauce,51,4650,Zloty,BlogXS,16318
970,Rozalin Samples,"Beef - Ground, Extra Lean, Fresh",74,1589,Dollar,Trudoo,42464
971,Mackenzie Acory,Cheese - Brick With Onion,52,2483,Euro,Eazzy,17335
972,Chris Matuschek,Soup V8 Roasted Red Pepper,23,2433,Euro,Tagfeed,26641
973,Alisa Cabrara,Chef Hat 25cm,89,4333,Taka,Thoughtstorm,36792
974,Henryetta Crummie,Appetizer - Escargot Puff,79,2468,Yuan Renminbi,Gabspot,36854
975,Willyt Le Frank,Tamarind Paste,15,3693,Euro,Kwideo,18720
976,Glynda Lawday,Tart - Butter Plain Squares,86,3332,Real,Flipopia,46702
977,Aliza Kneal,"Water - Spring Water, 355 Ml",80,2575,Yuan Renminbi,Digitube,43937
978,Catarina Hackwell,Sobe - Green Tea,61,2108,Peso,Devcast,26050
979,Darin Self,Lettuce - Radicchio,62,2534,Euro,Topiclounge,15713
980,Daile Lambert-Ciorwyn,Beets - Pickled,90,4368,Euro,Tambee,33145
981,Nyssa Clibbery,Tahini Paste,37,3719,Koruna,Mymm,24072
982,Frieda Upfold,Watercress,93,3052,Yen,Dablist,48988
983,Milicent Ratie,Squash - Pepper,28,2666,Yuan Renminbi,Realbridge,41052
984,Demetris Moses,Coffee Cup 16oz Foam,66,1548,Yuan Renminbi,Skinte,46758
985,Erda Lawrey,Muffin Hinge Container 6,94,3491,Peso,Wikizz,37244
986,Joli Sandom,Glass Clear 8 Oz,40,2454,Euro,DabZ,37214
987,Pippy Hatherell,"Mustard - Dry, Powder",54,3651,Sol,Dabshots,28785
988,Theodora Levi,Soup Bowl Clear 8oz92008,48,1738,Peso,Innotype,33479
989,Carlye Izhaky,Beer - Pilsner Urquell,64,3166,Yuan Renminbi,Dablist,20877
990,Whitney Gosse,Blueberries - Frozen,83,1828,Peso,Cogilith,48798
991,Padget Grzesiak,"Red Snapper - Fillet, Skin On",15,4419,Yuan Renminbi,Youfeed,30679
992,Lannie Symington,"Pasta - Elbows, Macaroni, Dry",4,2781,Zloty,Realbridge,16620
993,Dagny Chin,Glucose,20,4637,Euro,Yombu,44351
994,Donalt Ratke,Beef Cheek Fresh,22,2128,Peso,Meetz,21916
995,Baryram Stanway,"Beans - Kidney, Canned",26,2012,Krona,Cogidoo,36607
996,Joachim Scamerdine,Sausage - Meat,9,2899,Lev,Realbuzz,32116
997,Lazare Mariel,Oil - Coconut,82,3889,Yuan Renminbi,Youspan,44516
998,Garvin Tomei,Snapple - Mango Maddness,96,3466,Peso,Divanoodle,44599
999,Ilka Durtnal,Oil - Grapeseed Oil,65,2790,Rial,Oloo,37928
1000,Lorilee Gallihaulk,Beer - Pilsner Urquell,55,4741,Ruble,Innotype,43295
